id_curriculo;codigo;nome_matriz;id_curso;nome_curso;semestre_conclusao_minimo;semestre_conclusao_ideal;semestre_conclusao_maximo;meses_conclusao_minimo;meses_conclusao_ideal;meses_conclusao_maximo;cr_total_minimo;ch_total_minima;ch_optativas_minima;max_eletivos;ch_nao_atividade_obrigatoria;cr_nao_atividade_obrigatorio;ch_atividade_obrigatoria;cr_minimo_semestre;cr_maximo_semestre;ch_minima_semestre;ch_maxima_semestre;periodo_entrada_vigor;ano_entrada_vigor;observacao
141;2291/-3;CIÊNCIAS NATURAIS                                                      - BRASÍLIA -  - N - Licenciado;702703;CIÊNCIAS NATURAIS                                                     ;7;12;16;;;;4;3135;720;360;2205;4;0;;;210;480;1;2013;
390;6912/1;ENGENHARIA MECATRÔNICA - CONTROLE E AUTOMAÇÃO - BRASÍLIA -  - MT - Engenheiro de Controle e Automação;414333;ENGENHARIA MECATRÔNICA - CONTROLE E AUTOMAÇÃO;8;10;18;;;;0;4110;1755;360;2355;0;0;;;240;510;2;2018;
54;3859/-3;GEOGRAFIA - BRASÍLIA -  - MT - Licenciado;414731;GEOGRAFIA;6;10;14;;;;4;2520;780;360;1740;4;0;;;195;450;1;2005;
142;2291/-4;CIÊNCIAS NATURAIS                                                      - BRASÍLIA -  - N - Licenciado;702703;CIÊNCIAS NATURAIS                                                     ;7;12;16;;;;4;3135;780;360;2145;4;0;;;210;480;2;2009;
274;5509/-2;MÚSICA - BRASÍLIA -  - MT - Licenciado;414430;MÚSICA;8;10;12;;;;0;3015;750;360;2265;0;0;;;285;495;1;2014;
66;4553/-2;LETRAS - LÍNGUA E LITERATURA JAPONESA - BRASÍLIA -  - N - Licenciado;414779;LETRAS - LÍNGUA E LITERATURA JAPONESA;7;11;15;;;;0;2400;780;360;1620;0;0;;;180;360;1;2005;
355;1856/1;CIÊNCIA DA COMPUTAÇÃO - BRASÍLIA -  - MT - Bacharel;414599;CIÊNCIA DA COMPUTAÇÃO;8;9;14;;;;0;3210;1110;360;2100;0;0;;;240;450;2;2018;
229;60836/-2;ENGENHARIA AEROESPACIAL - BRASÍLIA -  - MT - Bacharel;414916;ENGENHARIA AEROESPACIAL;10;10;18;;;;0;3930;1380;360;2550;0;0;;;240;450;1;2012;
356;1856/-2;CIÊNCIA DA COMPUTAÇÃO - BRASÍLIA -  - MT - Bacharel;414599;CIÊNCIA DA COMPUTAÇÃO;8;9;14;;;;0;3210;1020;360;2190;0;0;;;240;450;1;2016;
408;2739/1;PSICOLOGIA - BRASÍLIA -  - MT - Psicólogo;414962;PSICOLOGIA;10;10;16;;;;0;4230;2640;360;1590;0;0;;;270;450;2;2017;
357;1899/1;COMPUTAÇÃO - BRASÍLIA -  - N - Licenciado;414608;COMPUTAÇÃO;6;9;16;;;;0;3210;750;360;2340;0;0;;;180;450;1;2016;
343;7137/-2;FISIOTERAPIA - BRASÍLIA -  - MT - Bacharel;414908;FISIOTERAPIA;10;10;18;;;;0;4500;1980;360;2250;0;0;;;240;450;1;2015;
220;7510/-2;NUTRIÇÃO - BRASÍLIA -  - MT - Nutricionista;414314;NUTRIÇÃO;6;8;14;;;;1;3600;1245;360;2355;1;0;;;270;600;1;2012;
316;2721/-4;PSICOLOGIA - BRASÍLIA -  - MT - Licenciado;414961;PSICOLOGIA;8;11;14;;;;42;3450;1890;360;1560;42;0;;;255;450;1;2014;
162;5606/-2;MÚSICA - BRASÍLIA -  - N - Licenciado;414460;MÚSICA;8;11;14;;;;0;2850;1440;360;1410;0;0;;;210;360;2;2009;
300;2291/-2;CIÊNCIAS NATURAIS                                                      - BRASÍLIA -  - N - Licenciado;702703;CIÊNCIAS NATURAIS                                                     ;7;12;16;;;;4;3135;750;360;2175;4;0;;;210;480;1;2014;
82;2712/-5;PSICOLOGIA - BRASÍLIA -  - MT - Bacharel;414960;PSICOLOGIA;7;11;14;;;;6;3330;2490;360;840;6;0;;;225;480;1;2012;
145;5371/-4;ARTES CÊNICAS - INTERPRETAÇÃO TEATRAL - BRASÍLIA -  - MT - Bacharel;414436;ARTES CÊNICAS - INTERPRETAÇÃO TEATRAL;7;10;12;;;;0;2880;1260;360;1620;0;0;;;240;450;2;2016;
481;7315/-2;EDUCAÇÃO FÍSICA - BRASÍLIA -  - MT - Licenciado;414274;EDUCAÇÃO FÍSICA;6;8;10;;;;2;2820;930;360;1680;2;0;;;300;480;1;2013;
104;8583/-4;CIÊNCIAS CONTÁBEIS - BRASÍLIA -  - N - Bacharel;414131;CIÊNCIAS CONTÁBEIS;10;12;14;;;;12;2790;990;360;1800;12;0;;;210;420;1;2008;
136;6289/-4;ENGENHARIA DE ENERGIA - BRASÍLIA -  - MT - Bacharel;414922;ENGENHARIA DE ENERGIA;10;10;16;;;;0;3825;1845;360;1980;0;0;;;240;480;2;2008;
135;6289/-3;ENGENHARIA DE ENERGIA - BRASÍLIA -  - MT - Bacharel;414922;ENGENHARIA DE ENERGIA;10;10;16;;;;0;3825;1845;360;1980;0;0;;;240;480;2;2013;
233;3115/-4;CIÊNCIAS SOCIAIS - BRASÍLIA -  - MT - Bacharel;414404;CIÊNCIAS SOCIAIS;6;10;14;;;;12;2520;1530;360;990;12;0;;;195;450;2;2016;
58;4154/1;LETRAS - LÍNGUA ESPANHOLA E LITERATURA ESPANHOLA E HISPANO-AMERICANA - BRASÍLIA -  - N - Licenciado;414782;LETRAS - LÍNGUA ESPANHOLA E LITERATURA ESPANHOLA E HISPANO-AMERICANA;8;12;16;;;;0;2550;480;360;2070;0;0;;;180;420;2;2015;
414;2721/1;PSICOLOGIA - BRASÍLIA -  - MT - Licenciado;414961;PSICOLOGIA;8;11;14;;;;0;3600;2010;360;1590;0;0;;;255;450;2;2017;
351;7145/-2;TERAPIA OCUPACIONAL - BRASÍLIA -  - MT - Bacharel;414914;TERAPIA OCUPACIONAL;8;10;12;;;;0;3510;810;360;2550;0;0;;;300;450;2;2015;
461;3115/1;CIÊNCIAS SOCIAIS - BRASÍLIA -  - MT - Bacharel;414404;CIÊNCIAS SOCIAIS;6;10;14;;;;12;2520;1530;360;990;12;0;;;195;450;2;2019;
462;3115/-2;CIÊNCIAS SOCIAIS - BRASÍLIA -  - MT - Bacharel;414404;CIÊNCIAS SOCIAIS;6;10;14;;;;12;2520;1530;360;990;12;0;;;195;450;1;2019;
140;6360/-2;ENGENHARIA DE SOFTWARE - BRASÍLIA -  - MT - Bacharel;414924;ENGENHARIA DE SOFTWARE;10;10;16;;;;0;3600;1470;360;2130;0;0;;;240;480;2;2008;
257;2216/-5;CIÊNCIAS BIOLÓGICAS - BRASÍLIA -  - MT - Bacharel;414391;CIÊNCIAS BIOLÓGICAS;8;11;14;;;;0;3210;1770;360;1440;0;0;;;240;450;1;2014;
299;2283/-2;CIÊNCIAS NATURAIS                                                      - BRASÍLIA -  - MT - Licenciado;702702;CIÊNCIAS NATURAIS                                                     ;6;11;16;;;;4;3135;750;360;2175;4;0;;;210;510;1;2014;
10;6165/-5;AGRONOMIA - BRASÍLIA -  - MT - Engenheiro Agrônomo;414196;AGRONOMIA;8;11;14;;;;10;3930;1620;360;2310;10;0;;;300;480;2;2000;
482;3336/-5;FILOSOFIA - BRASÍLIA -  - MT - Bacharel;414713;FILOSOFIA;6;10;14;;;;0;2220;1620;360;600;0;0;;;210;390;1;2012;
4005591;4936/-2;ARTES VISUAIS - BRASÍLIA -  - MT - Licenciado;434774;ARTES VISUAIS;8;8;12;;;;0;3195;1305;360;1890;0;0;;;315;480;2;2007;
164;6017/-3;ENGENHARIA DE PRODUÇÃO - BRASÍLIA -  - N - Bacharel;414326;ENGENHARIA DE PRODUÇÃO;10;14;18;;;;4;3600;1335;360;2265;4;0;;;180;420;2;2009;
1;1716/-4;ESTATÍSTICA - BRASÍLIA -  - MT - Bacharel;414620;ESTATÍSTICA;7;12;16;;;;0;2760;1380;360;1380;0;0;;;225;420;2;1997;
26;7111/-4;MEDICINA - BRASÍLIA -  - MT - Médico;414280;MEDICINA;10;14;18;;;;0;7095;3435;360;3660;0;0;;;285;570;1;2004;
178;6254/-3;ENGENHARIA AMBIENTAL - BRASÍLIA -  - MT - Engenheiro;414345;ENGENHARIA AMBIENTAL;10;14;18;;;;0;3900;1455;360;2445;0;0;;;240;480;1;2010;
80;6912/-3;ENGENHARIA MECATRÔNICA - CONTROLE E AUTOMAÇÃO - BRASÍLIA -  - MT - Engenheiro de Controle e Automação;414333;ENGENHARIA MECATRÔNICA - CONTROLE E AUTOMAÇÃO;8;10;18;;;;0;4110;1725;360;2385;0;0;;;240;510;1;2005;
311;1716/-3;ESTATÍSTICA - BRASÍLIA -  - MT - Bacharel;414620;ESTATÍSTICA;8;8;16;;;;0;3000;1110;360;1890;0;0;;;210;420;1;2014;
243;60852/1;FONOAUDIOLOGIA - BRASÍLIA -  - MT - Bacharel;414909;FONOAUDIOLOGIA;8;8;14;;;;0;3510;570;360;2790;0;0;;;270;450;2;2012;
430293;9628/1;EDUCAÇÃO DO CAMPO - LINGUAGENS, ARTES E LITERATURA - BRASÍLIA -  - MT - Licenciado;414885;EDUCAÇÃO DO CAMPO - LINGUAGENS, ARTES E LITERATURA;8;10;12;;;;0;3510;690;360;2610;0;0;;;300;495;1;2019;
132;6009/-2;;414915;ENGENHARIA;1;5;3;;;;0;3750;2400;360;1350;0;0;;;180;480;2;2008;
430188;761/1;EDUCAÇÃO DO CAMPO - MATEMÁTICA - BRASÍLIA -  - MT - Licenciado;414886;EDUCAÇÃO DO CAMPO - MATEMÁTICA;8;10;12;;;;2;3510;720;360;2580;2;0;;;300;495;1;2019;
166;8184/-4;GESTÃO DE POLÍTICAS PÚBLICAS - BRASÍLIA -  - N - Bacharel;414093;GESTÃO DE POLÍTICAS PÚBLICAS;8;12;16;;;;8;3000;1740;360;1260;8;0;;;180;420;2;2010;
409;2739/-2;PSICOLOGIA - BRASÍLIA -  - MT - Psicólogo;414962;PSICOLOGIA;10;10;16;;;;22;4230;2580;360;1650;22;0;;;270;450;1;2017;
65;4553/1;LETRAS - LÍNGUA E LITERATURA JAPONESA - BRASÍLIA -  - N - Licenciado;414779;LETRAS - LÍNGUA E LITERATURA JAPONESA;7;11;15;;;;0;2400;720;360;1680;0;0;;;180;360;1;2016;
304;1368/1;MATEMÁTICA - BRASÍLIA -  - N - Licenciado;414640;MATEMÁTICA;7;11;14;;;;0;2820;690;360;1920;0;0;;;240;390;1;2016;
4005592;4936/1;ARTES VISUAIS - BRASÍLIA -  - MT - Licenciado;434774;ARTES VISUAIS;8;8;12;;;;0;3195;1305;360;1890;0;0;;;315;480;2;2013;
7;8591/-6;CIÊNCIA POLÍTICA - BRASÍLIA -  - MT - Bacharel;414892;CIÊNCIA POLÍTICA;6;9;12;;;;0;2700;1380;360;1320;0;0;;;240;450;1;1998;
138;6297/-4;ENGENHARIA AUTOMOTIVA - BRASÍLIA -  - MT - Bacharel;414919;ENGENHARIA AUTOMOTIVA;10;13;16;;;;0;3675;1380;360;2295;0;0;;;240;480;2;2013;
73;6351/-4;ENGENHARIA DE REDES DE COMUNICAÇÃO - BRASÍLIA -  - MT - Engenheiro de Redes de Comunicação;414330;ENGENHARIA DE REDES DE COMUNICAÇÃO;9;14;18;;;;0;3660;2250;360;1410;0;0;;;180;450;1;2015;
400;7153/-2;SAÚDE COLETIVA - BRASÍLIA -  - MT - Bacharel;414912;SAÚDE COLETIVA;8;11;14;;;;0;3210;600;360;2610;0;0;;;240;450;2;2016;
402;9628/-2;EDUCAÇÃO DO CAMPO - LINGUAGENS, ARTES E LITERATURA - BRASÍLIA -  - MT - Licenciado;414885;EDUCAÇÃO DO CAMPO - LINGUAGENS, ARTES E LITERATURA;8;10;12;;;;0;3510;705;360;2595;0;0;;;300;495;2;2016;
137;6297/-3;ENGENHARIA AUTOMOTIVA - BRASÍLIA -  - MT - Bacharel;414919;ENGENHARIA AUTOMOTIVA;10;13;16;;;;0;3675;1380;360;2295;0;0;;;240;480;2;2014;
340;8184/-2;GESTÃO DE POLÍTICAS PÚBLICAS - BRASÍLIA -  - N - Bacharel;414093;GESTÃO DE POLÍTICAS PÚBLICAS;8;8;16;;;;12;3000;1680;360;1320;12;0;;;180;420;1;2015;
344;761/-2;EDUCAÇÃO DO CAMPO - MATEMÁTICA - BRASÍLIA -  - MT - Licenciado;414886;EDUCAÇÃO DO CAMPO - MATEMÁTICA;8;10;12;;;;0;3510;630;360;2670;0;0;;;300;495;1;2015;
85;2739/-5;PSICOLOGIA - BRASÍLIA -  - MT - Psicólogo;414962;PSICOLOGIA;10;10;18;;;;24;4140;3030;360;1110;24;0;;;225;510;1;2012;
230;1856/-4;CIÊNCIA DA COMPUTAÇÃO - BRASÍLIA -  - MT - Bacharel;414599;CIÊNCIA DA COMPUTAÇÃO;7;9;14;;;;0;3210;1170;360;2040;0;0;;;225;480;1;2015;
345;9628/-3;EDUCAÇÃO DO CAMPO - LINGUAGENS, ARTES E LITERATURA - BRASÍLIA -  - MT - Licenciado;414885;EDUCAÇÃO DO CAMPO - LINGUAGENS, ARTES E LITERATURA;8;10;12;;;;0;3510;630;360;2670;0;0;;;300;495;1;2015;
319;3514/1;SERVIÇO SOCIAL - BRASÍLIA -  - MT - Bacharel;414764;SERVIÇO SOCIAL;8;8;14;;;;0;3000;960;360;2040;0;0;;;210;450;1;2016;
253;2283/-3;CIÊNCIAS NATURAIS                                                      - BRASÍLIA -  - MT - Licenciado;702702;CIÊNCIAS NATURAIS                                                     ;6;11;16;;;;4;3135;720;360;2205;4;0;;;210;510;1;2013;
352;6297/-2;ENGENHARIA AUTOMOTIVA - BRASÍLIA -  - MT - Bacharel;414919;ENGENHARIA AUTOMOTIVA;10;13;16;;;;0;3885;1590;360;2295;0;0;;;240;480;2;2015;
451;6335/-2;ENGENHARIA ELÉTRICA - BRASÍLIA -  - MT - Engenheiro Eletricista;414360;ENGENHARIA ELÉTRICA;8;10;18;;;;4;3930;2145;360;1785;4;0;;;240;510;1;2018;
75;6424/-2;ENGENHARIA MECÂNICA - BRASÍLIA -  - MT - Engenheiro Mecânico;414368;ENGENHARIA MECÂNICA;8;13;18;;;;0;3930;1095;360;2835;0;0;;;240;480;2;2013;
254;2216/-2;CIÊNCIAS BIOLÓGICAS - BRASÍLIA -  - MT - Bacharel;414391;CIÊNCIAS BIOLÓGICAS;8;11;14;;;;0;3210;1710;360;1500;0;0;;;240;450;1;2017;
128;7145/-3;TERAPIA OCUPACIONAL - BRASÍLIA -  - MT - Bacharel;414914;TERAPIA OCUPACIONAL;8;10;12;;;;0;3510;780;360;2580;0;0;;;300;450;2;2008;
258;2216/-6;CIÊNCIAS BIOLÓGICAS - BRASÍLIA -  - MT - Bacharel;414391;CIÊNCIAS BIOLÓGICAS;8;11;14;;;;0;3210;1740;360;1470;0;0;;;240;450;2;2013;
391;6912/-2;ENGENHARIA MECATRÔNICA - CONTROLE E AUTOMAÇÃO - BRASÍLIA -  - MT - Engenheiro de Controle e Automação;414333;ENGENHARIA MECATRÔNICA - CONTROLE E AUTOMAÇÃO;8;10;18;;;;0;4110;1725;360;2385;0;0;;;240;510;2;2016;
76;6424/-3;ENGENHARIA MECÂNICA - BRASÍLIA -  - MT - Engenheiro Mecânico;414368;ENGENHARIA MECÂNICA;8;13;18;;;;4;3930;1035;360;2895;4;0;;;240;480;1;2005;
301;1325/-2;MATEMÁTICA - BRASÍLIA -  - MT - Licenciado;414638;MATEMÁTICA;6;10;14;;;;0;2820;690;360;1920;0;0;;;240;480;2;2016;
329;7013/-2;FARMÁCIA - BRASÍLIA -  - MT - Bacharel;414906;FARMÁCIA;10;10;18;;;;0;4395;1275;360;3120;0;0;;;210;480;2;2014;
52;3841/-2;GEOGRAFIA - BRASÍLIA -  - MT - Bacharel;414730;GEOGRAFIA;6;10;14;;;;0;2520;1170;360;1350;0;0;;;195;450;1;2005;
320;3514/-2;SERVIÇO SOCIAL - BRASÍLIA -  - MT - Bacharel;414764;SERVIÇO SOCIAL;8;8;14;;;;0;3000;960;360;2040;0;0;;;210;450;1;2014;
71;6335/-5;ENGENHARIA ELÉTRICA - BRASÍLIA -  - MT - Engenheiro Eletricista;414360;ENGENHARIA ELÉTRICA;8;10;18;;;;4;3930;2115;360;1815;4;0;;;240;510;1;2013;
78;6521/-4;ENGENHARIA FLORESTAL - BRASÍLIA -  - MT - Engenheiro Florestal;414342;ENGENHARIA FLORESTAL;8;12;16;;;;8;3870;1155;360;2715;8;0;;;255;510;2;2012;
84;2721/-6;PSICOLOGIA - BRASÍLIA -  - MT - Licenciado;414961;PSICOLOGIA;7;11;14;;;;6;3330;2310;360;1020;6;0;;;225;480;1;2008;
312;2712/-3;PSICOLOGIA - BRASÍLIA -  - MT - Bacharel;414960;PSICOLOGIA;8;11;14;;;;6;3420;2070;360;1350;6;0;;;255;450;1;2016;
313;2712/-4;PSICOLOGIA - BRASÍLIA -  - MT - Bacharel;414960;PSICOLOGIA;8;11;14;;;;6;3420;1950;360;1470;6;0;;;255;450;1;2014;
315;2721/-3;PSICOLOGIA - BRASÍLIA -  - MT - Licenciado;414961;PSICOLOGIA;8;11;14;;;;6;3450;1950;360;1500;6;0;;;255;450;1;2016;
407;2712/-2;PSICOLOGIA - BRASÍLIA -  - MT - Bacharel;414960;PSICOLOGIA;8;11;14;;;;6;3420;2070;360;1350;6;0;;;255;450;1;2017;
370;5673/1;ARQUITETURA E URBANISMO - BRASÍLIA -  - N - Arquiteto e Urbanista;414181;ARQUITETURA E URBANISMO;9;13;18;;;;0;3750;570;360;3090;0;0;;;240;510;1;2016;
203;6271/-2;TURISMO - BRASÍLIA -  - MT - Bacharel;414088;TURISMO;8;12;16;;;;4;2640;810;360;1800;4;0;;;180;360;2;2010;
448;6157/1;GESTÃO AMBIENTAL - BRASÍLIA -  - N - Bacharel;414888;GESTÃO AMBIENTAL;8;12;16;;;;0;2790;810;360;1980;0;0;;;210;480;2;2017;
170;1589/-4;QUÍMICA TECNOLÓGICA - BRASÍLIA -  - MT - Bacharel;414873;QUÍMICA TECNOLÓGICA;8;13;18;;;;0;3300;1680;360;1620;0;0;;;240;420;1;2010;
69;6220/-3;ENGENHARIA CIVIL - BRASÍLIA -  - MT - Engenheiro Civil;414350;ENGENHARIA CIVIL;8;13;18;;;;0;3930;1320;360;2610;0;0;;;240;510;1;2005;
267;3344/-3;FILOSOFIA - BRASÍLIA -  - MT - Licenciado;414714;FILOSOFIA;8;11;14;;;;0;3030;900;360;1920;0;0;;;210;390;2;2013;
327;2321/-3;CIÊNCIAS AMBIENTAIS - BRASÍLIA -  - N - Bacharel;414667;CIÊNCIAS AMBIENTAIS;7;11;14;;;;4;2190;990;360;1200;4;0;;;210;390;2;2014;
317;2739/-3;PSICOLOGIA - BRASÍLIA -  - MT - Psicólogo;414962;PSICOLOGIA;10;10;16;;;;42;4230;2700;360;1530;42;0;;;270;450;1;2016;
404;60828/1;TEORIA, CRÍTICA E HISTÓRIA DA ARTE - BRASÍLIA -  - N - Bacharel;414435;TEORIA, CRÍTICA E HISTÓRIA DA ARTE;8;10;12;;;;0;2610;1680;360;930;0;0;;;240;360;1;2017;
346;9636/-2;EDUCAÇÃO DO CAMPO - CIÊNCIAS DA NATUREZA - BRASÍLIA -  - MT - Licenciado;414881;EDUCAÇÃO DO CAMPO - CIÊNCIAS DA NATUREZA;8;10;12;;;;0;3525;720;360;2595;0;0;;;300;495;1;2015;
477;5649/-4;ARTES VISUAIS - BRASÍLIA -  - MT - Bacharel;414552;ARTES VISUAIS;8;10;12;;;;0;2790;1470;360;1320;0;0;;;240;360;1;2013;
318;2739/-4;PSICOLOGIA - BRASÍLIA -  - MT - Psicólogo;414962;PSICOLOGIA;10;10;16;;;;52;4230;2550;360;1680;52;0;;;270;450;1;2014;
375;1228/1;GEOLOGIA - BRASÍLIA -  - MT - Geólogo;414677;GEOLOGIA;10;13;16;;;;0;3960;945;360;3015;0;0;;;270;450;2;2016;
48;3417/-10;HISTÓRIA                                                               - BRASÍLIA -  - MT - Bacharel;702700;HISTÓRIA                                                              ;6;10;14;;;;0;2520;1320;360;1200;0;0;;;180;450;2;2010;
282;5614/1;MÚSICA - COMPOSIÇÃO - BRASÍLIA -  - MT - Bacharel;414473;MÚSICA - COMPOSIÇÃO;12;14;16;;;;0;3330;1200;360;2130;0;0;;;210;360;2;2013;
50;3425/-9;HISTÓRIA - BRASÍLIA -  - MT - Licenciado;414745;HISTÓRIA;6;10;14;;;;0;2520;930;360;1590;0;0;;;180;450;1;2012;
278;5550/1;MÚSICA - OBOÉ - BRASÍLIA -  - MT - Bacharel;414495;MÚSICA - OBOÉ;6;8;10;;;;0;2070;330;360;1740;0;0;;;210;360;2;2013;
271;5274/1;MÚSICA - SAXOFONE - BRASÍLIA -  - MT - Bacharel;414509;MÚSICA - SAXOFONE;6;8;10;;;;0;2070;330;360;1740;0;0;;;210;360;2;2013;
269;5258/1;MÚSICA - TROMPETE - BRASÍLIA -  - MT - Bacharel;414523;MÚSICA - TROMPETE;6;8;10;;;;0;2070;330;360;1740;0;0;;;210;360;2;2013;
276;5525/1;MÚSICA - VIOLA - BRASÍLIA -  - MT - Bacharel;414528;MÚSICA - VIOLA;6;8;10;;;;0;2070;330;360;1740;0;0;;;210;360;2;2013;
275;5517/1;MÚSICA - VIOLINO - BRASÍLIA -  - MT - Bacharel;414538;MÚSICA - VIOLINO;6;8;10;;;;0;2070;330;360;1740;0;0;;;210;360;2;2013;
277;5533/1;MÚSICA - VIOLONCELO - BRASÍLIA -  - MT - Bacharel;414543;MÚSICA - VIOLONCELO;6;8;10;;;;0;2070;330;360;1740;0;0;;;210;360;2;2013;
272;5282/1;MÚSICA - VIOLÃO - BRASÍLIA -  - MT - Bacharel;414533;MÚSICA - VIOLÃO;6;8;10;;;;0;2070;450;360;1620;0;0;;;210;360;2;2013;
270;5266/1;MÚSICA - CONTRABAIXO - BRASÍLIA -  - MT - Bacharel;414479;MÚSICA - CONTRABAIXO;6;8;10;;;;0;2070;330;360;1740;0;0;;;210;360;2;2013;
279;5576/1;MÚSICA - FAGOTE - BRASÍLIA -  - MT - Bacharel;414484;MÚSICA - FAGOTE;6;8;10;;;;0;2070;330;360;1740;0;0;;;210;360;2;2013;
280;5584/1;MÚSICA - FLAUTA - BRASÍLIA -  - MT - Bacharel;414489;MÚSICA - FLAUTA;6;8;10;;;;0;2070;330;360;1740;0;0;;;210;360;2;2013;
470;5665/1;ARTES VISUAIS - BRASÍLIA -  - N - Licenciado;414551;ARTES VISUAIS;8;12;16;;;;0;3210;1410;360;1800;0;0;;;210;450;2;2019;
146;5371/-5;ARTES CÊNICAS - INTERPRETAÇÃO TEATRAL - BRASÍLIA -  - MT - Bacharel;414436;ARTES CÊNICAS - INTERPRETAÇÃO TEATRAL;7;10;12;;;;0;2880;1260;360;1620;0;0;;;240;450;1;2016;
147;5371/-6;ARTES CÊNICAS - INTERPRETAÇÃO TEATRAL - BRASÍLIA -  - MT - Bacharel;414436;ARTES CÊNICAS - INTERPRETAÇÃO TEATRAL;7;10;12;;;;0;2880;1260;360;1620;0;0;;;240;450;1;2012;
115;1856/-6;CIÊNCIA DA COMPUTAÇÃO - BRASÍLIA -  - MT - Bacharel;414599;CIÊNCIA DA COMPUTAÇÃO;8;9;14;;;;0;3210;1140;360;2070;0;0;;;225;480;1;2012;
250;3425/-7;HISTÓRIA - BRASÍLIA -  - MT - Licenciado;414745;HISTÓRIA;7;12;16;;;;0;2955;720;360;2025;0;0;;;240;480;1;2015;
4005586;3425/1;HISTÓRIA - BRASÍLIA -  - MT - Licenciado;414745;HISTÓRIA;8;9;16;;;;0;3405;960;540;2235;0;0;;;210;420;1;2020;
185;7412/-2;ENFERMAGEM - BRASÍLIA -  - MT - Enfermeiro;414295;ENFERMAGEM;10;10;15;;;;0;4020;1650;360;2370;0;0;;;270;435;2;2010;
281;5592/1;MÚSICA - PIANO - BRASÍLIA -  - MT - Bacharel;414500;MÚSICA - PIANO;6;8;10;;;;0;2070;390;360;1680;0;0;;;210;360;2;2013;
283;5631/1;MÚSICA - TROMBONE - BRASÍLIA -  - MT - Bacharel;414513;MÚSICA - TROMBONE;6;8;10;;;;0;2070;330;360;1740;0;0;;;210;360;2;2013;
6;5541/1;MÚSICA - CLARINETA - BRASÍLIA -  - MT - Bacharel;414469;MÚSICA - CLARINETA;6;8;10;;;;6;2070;330;360;1740;6;0;;;210;360;2;2007;
430398;9636/1;EDUCAÇÃO DO CAMPO - CIÊNCIAS DA NATUREZA - BRASÍLIA -  - MT - Licenciado;414881;EDUCAÇÃO DO CAMPO - CIÊNCIAS DA NATUREZA;8;10;12;;;;4;3510;735;360;2565;4;0;;;300;495;1;2019;
87;5223/1;MÚSICA - CANTO - BRASÍLIA -  - MT - Bacharel;414465;MÚSICA - CANTO;6;8;10;;;;6;2070;330;360;1740;6;0;;;210;360;2;2007;
430;5371/-3;ARTES CÊNICAS - INTERPRETAÇÃO TEATRAL - BRASÍLIA -  - MT - Bacharel;414436;ARTES CÊNICAS - INTERPRETAÇÃO TEATRAL;7;10;12;;;;0;2880;1260;360;1620;0;0;;;240;450;2;2017;
88;5223/-2;MÚSICA - CANTO - BRASÍLIA -  - MT - Bacharel;414465;MÚSICA - CANTO;6;8;10;;;;0;2070;420;360;1650;0;0;;;210;360;2;2006;
433;5622/1;MÚSICA - REGÊNCIA - BRASÍLIA -  - MT - Bacharel;414504;MÚSICA - REGÊNCIA;12;14;16;;;;0;3330;1080;360;2250;0;0;;;210;360;2;2017;
4005589;7072/1;ENFERMAGEM - BRASÍLIA -  - MT - Enfermeiro;414902;ENFERMAGEM;10;10;16;;;;0;4230;2310;360;1770;0;0;;;240;450;1;2020;
4005588;5711/1;ARTES CÊNICAS - BRASÍLIA -  - MT - Licenciado;414437;ARTES CÊNICAS;8;8;14;;;;45;3255;1230;360;1815;45;0;;;240;420;1;2020;
478;5657/-3;ARTES VISUAIS - BRASÍLIA -  - MT - Licenciado;414553;ARTES VISUAIS;8;10;12;;;;0;2730;1140;360;1590;0;0;;;240;360;1;2016;
431472;6271/2;TURISMO - BRASÍLIA -  - MT - Bacharel;414088;TURISMO;8;12;16;;;;0;2640;810;360;1800;0;0;;;1800;0;2;2019;
298;5649/-3;ARTES VISUAIS - BRASÍLIA -  - MT - Bacharel;414552;ARTES VISUAIS;8;10;12;;;;0;2790;1470;360;1320;0;0;;;240;360;1;2014;
160;4626/-2;LETRAS - TRADUÇÃO - ESPANHOL - BRASÍLIA -  - N - Bacharel;414775;LETRAS - TRADUÇÃO - ESPANHOL;7;11;14;;;;0;2520;750;360;1770;0;0;;;180;390;2;2009;
91;5444/1;EDUCAÇÃO ARTÍSTICA - MÚSICA - BRASÍLIA -  - MT - Licenciado;414453;EDUCAÇÃO ARTÍSTICA - MÚSICA;6;9;14;;;;0;2970;990;360;1980;0;0;;;210;495;1;2009;
297;5649/-2;ARTES VISUAIS - BRASÍLIA -  - MT - Bacharel;414552;ARTES VISUAIS;8;10;12;;;;0;2790;1470;360;1320;0;0;;;240;360;1;2016;
467;1376/1;ARTES VISUAIS - BRASÍLIA -  - MT - Licenciado;414544;ARTES VISUAIS;8;11;14;;;;0;3210;1410;360;1800;0;0;;;240;450;2;2019;
129;7153/-3;SAÚDE COLETIVA - BRASÍLIA -  - MT - Bacharel;414912;SAÚDE COLETIVA;8;11;14;;;;0;3210;510;360;2700;0;0;;;240;450;2;2012;
341;7072/-3;ENFERMAGEM - BRASÍLIA -  - MT - Enfermeiro;414902;ENFERMAGEM;10;12;14;;;;0;4230;2400;360;1830;0;0;;;240;450;1;2015;
118;4910/-2;LETRAS - LÍNGUA PORTUGUESA E RESPECTIVA LITERATURA - BRASÍLIA -  - MT - Licenciado;414772;LETRAS - LÍNGUA PORTUGUESA E RESPECTIVA LITERATURA;9;13;16;;;;0;3240;30;360;3210;0;0;;;150;420;1;2013;
242;7315/-3;EDUCAÇÃO FÍSICA - BRASÍLIA -  - MT - Licenciado;414274;EDUCAÇÃO FÍSICA;6;8;10;;;;2;2820;960;360;1650;2;0;;;300;480;2;2012;
18;9229/-5;PEDAGOGIA - BRASÍLIA -  - MT - Licenciado;414229;PEDAGOGIA;6;10;14;;;;0;3210;1170;360;2040;0;0;;;180;450;1;2007;
406;2712/1;PSICOLOGIA - BRASÍLIA -  - MT - Bacharel;414960;PSICOLOGIA;8;8;14;;;;40;3420;1920;360;1500;40;0;;;255;450;2;2017;
19;9229/-6;PEDAGOGIA - BRASÍLIA -  - MT - Licenciado;414229;PEDAGOGIA;6;10;14;;;;0;3210;1140;360;2070;0;0;;;180;450;2;2001;
22;9245/-5;PEDAGOGIA - BRASÍLIA -  - N - Licenciado;414230;PEDAGOGIA;6;10;14;;;;0;3210;1170;360;2040;0;0;;;180;420;1;2007;
440;8486/-2;DIREITO - BRASÍLIA -  - MT - Bacharel;414220;DIREITO;10;13;16;;;;4;3840;390;360;3150;4;0;;;240;450;2;2017;
261;2259/-5;CIÊNCIAS BIOLÓGICAS - BRASÍLIA -  - N - Licenciado;414392;CIÊNCIAS BIOLÓGICAS;8;11;14;;;;0;3060;1260;360;1800;0;0;;;240;450;2;2013;
273;5509/1;MÚSICA - BRASÍLIA -  - MT - Licenciado;414430;MÚSICA;8;10;12;;;;0;3015;690;360;2325;0;0;;;285;495;1;2016;
184;7218/1;ODONTOLOGIA - BRASÍLIA -  - MT - Cirurgião Dentista;414321;ODONTOLOGIA;10;10;18;;;;0;4065;1065;360;3000;0;0;;;270;480;1;2010;
107;8591/-3;CIÊNCIA POLÍTICA - BRASÍLIA -  - MT - Bacharel;414892;CIÊNCIA POLÍTICA;6;8;12;;;;8;2670;1350;360;1320;8;0;;;240;480;2;2011;
92;5614/-2;MÚSICA - COMPOSIÇÃO - BRASÍLIA -  - MT - Bacharel;414473;MÚSICA - COMPOSIÇÃO;12;14;16;;;;6;3330;1200;360;2130;6;0;;;210;360;2;2007;
139;6297/-5;ENGENHARIA AUTOMOTIVA - BRASÍLIA -  - MT - Bacharel;414919;ENGENHARIA AUTOMOTIVA;10;13;16;;;;0;3615;1200;360;2415;0;0;;;240;480;2;2008;
182;7161/1;SAÚDE COLETIVA - BRASÍLIA -  - N - Bacharel;414291;SAÚDE COLETIVA;8;10;12;;;;0;3225;1350;360;1875;0;0;;;270;420;1;2020;
399;7013/1;FARMÁCIA - BRASÍLIA -  - MT - Bacharel;414906;FARMÁCIA;10;10;18;;;;0;4395;1230;360;3135;0;0;;;240;480;2;2016;
453;6289/1;ENGENHARIA DE ENERGIA - BRASÍLIA -  - MT - Bacharel;414922;ENGENHARIA DE ENERGIA;10;10;16;;;;0;3735;1485;360;2250;0;0;;;240;435;1;2018;
181;7111/-3;MEDICINA - BRASÍLIA -  - MT - Médico;414280;MEDICINA;10;14;18;;;;0;7200;3510;360;3690;0;0;;;285;570;1;2010;
51;3727/-2;RELAÇÕES INTERNACIONAIS - BRASÍLIA -  - MT - Bacharel;414899;RELAÇÕES INTERNACIONAIS;6;9;12;;;;8;2790;1080;360;1710;8;0;;;240;480;1;2005;
93;8150/-3;ADMINISTRAÇÃO - BRASÍLIA -  - N - Bacharel;414099;ADMINISTRAÇÃO;8;12;16;;;;4;3000;1320;360;1680;4;0;;;180;450;1;2015;
11;5649/-5;ARTES VISUAIS - BRASÍLIA -  - MT - Bacharel;414552;ARTES VISUAIS;8;10;12;;;;0;2790;1470;360;1320;0;0;;;240;360;1;2003;
101;8486/-3;DIREITO - BRASÍLIA -  - MT - Bacharel;414220;DIREITO;10;13;16;;;;4;3840;390;360;3150;4;0;;;240;450;1;2017;
121;9628/-4;EDUCAÇÃO DO CAMPO - LINGUAGENS, ARTES E LITERATURA - BRASÍLIA -  - MT - Licenciado;414885;EDUCAÇÃO DO CAMPO - LINGUAGENS, ARTES E LITERATURA;8;10;12;;;;0;4255;400;360;3495;0;0;;;315;600;2;2007;
228;60836/1;ENGENHARIA AEROESPACIAL - BRASÍLIA -  - MT - Bacharel;414916;ENGENHARIA AEROESPACIAL;10;10;18;;;;0;3930;1680;360;2250;0;0;;;240;450;2;2018;
161;5606/1;MÚSICA - BRASÍLIA -  - N - Licenciado;414460;MÚSICA;8;11;14;;;;0;2850;1470;360;1380;0;0;;;210;360;1;2016;
97;8192/-2;ARQUIVOLOGIA - BRASÍLIA -  - N - Bacharel;414931;ARQUIVOLOGIA;6;10;10;;;;0;2400;1110;360;1290;0;0;;;240;420;2;2006;
350;7145/1;TERAPIA OCUPACIONAL - BRASÍLIA -  - MT - Bacharel;414914;TERAPIA OCUPACIONAL;8;10;12;;;;0;3510;840;360;2520;0;0;;;300;450;1;2018;
466;9245/1;PEDAGOGIA - BRASÍLIA -  - N - Licenciado;414230;PEDAGOGIA;8;11;14;;;;0;3330;780;360;2310;0;0;;;240;420;1;2019;
125;7013/-3;FARMÁCIA - BRASÍLIA -  - MT - Bacharel;414906;FARMÁCIA;10;10;18;;;;0;4380;1200;360;3180;0;0;;;210;480;2;2008;
193;4120/1;LETRAS - LÍNGUA PORTUGUESA E RESPECTIVA LITERATURA - BRASÍLIA -  - MT - Licenciado;414844;LETRAS - LÍNGUA PORTUGUESA E RESPECTIVA LITERATURA;6;10;14;;;;0;2700;810;360;1890;0;0;;;180;450;1;2015;
386;5657/1;ARTES VISUAIS - BRASÍLIA -  - MT - Licenciado;414553;ARTES VISUAIS;8;10;12;;;;0;2730;1230;360;1500;0;0;;;240;360;1;2018;
176;6181/-3;MEDICINA VETERINÁRIA - BRASÍLIA -  - MT - Médico Veterinário;414202;MEDICINA VETERINÁRIA;10;14;18;;;;0;4005;1815;360;2190;0;0;;;270;510;1;2012;
156;1741/-2;ENGENHARIA DE COMPUTAÇÃO - BRASÍLIA -  - MT - Bacharel;414610;ENGENHARIA DE COMPUTAÇÃO;8;13;18;;;;6;3780;1830;360;1950;6;0;;;210;480;2;2009;
106;8591/-2;CIÊNCIA POLÍTICA - BRASÍLIA -  - MT - Bacharel;414892;CIÊNCIA POLÍTICA;6;9;12;;;;8;2670;1350;360;1320;8;0;;;240;480;1;2016;
120;9296/-3;PEDAGOGIA - BRASÍLIA -  - MT - Licenciado;414231;PEDAGOGIA;10;12;14;;;;0;3240;1020;360;2220;0;0;;;240;420;2;2007;
86;2739/-6;PSICOLOGIA - BRASÍLIA -  - MT - Psicólogo;414962;PSICOLOGIA;10;10;18;;;;54;4140;2940;360;1200;54;0;;;225;510;1;2008;
4005590;6131/1;ENGENHARIA ELETRÔNICA - BRASÍLIA -  - MT - Bacharel;414926;ENGENHARIA ELETRÔNICA;10;10;16;;;;0;3795;1350;360;2445;0;0;;;240;480;1;2020;
292;9296/-2;PEDAGOGIA - BRASÍLIA -  - MT - Licenciado;414231;PEDAGOGIA;10;12;14;;;;0;3240;1020;360;2220;0;0;;;240;420;2;2013;
83;2721/-5;PSICOLOGIA - BRASÍLIA -  - MT - Licenciado;414961;PSICOLOGIA;7;11;14;;;;6;3330;2310;360;1020;6;0;;;225;480;1;2012;
314;2721/-2;PSICOLOGIA - BRASÍLIA -  - MT - Licenciado;414961;PSICOLOGIA;8;11;14;;;;6;3450;1950;360;1500;6;0;;;255;450;1;2017;
241;6181/-2;MEDICINA VETERINÁRIA - BRASÍLIA -  - MT - Médico Veterinário;414202;MEDICINA VETERINÁRIA;10;15;20;;;;0;4200;870;360;3330;0;0;;;270;480;2;2012;
217;3123/-2;CIÊNCIAS SOCIAIS - SOCIOLOGIA - BRASÍLIA -  - MT - Bacharel;414425;CIÊNCIAS SOCIAIS - SOCIOLOGIA;6;10;14;;;;12;2520;930;360;1590;12;0;;;180;450;2;2016;
219;3123/-4;CIÊNCIAS SOCIAIS - SOCIOLOGIA - BRASÍLIA -  - MT - Bacharel;414425;CIÊNCIAS SOCIAIS - SOCIOLOGIA;6;10;14;;;;12;2520;930;360;1590;12;0;;;180;450;1;2012;
389;5665/-3;ARTES VISUAIS - BRASÍLIA -  - N - Licenciado;414551;ARTES VISUAIS;8;11;14;;;;0;2730;1140;360;1590;0;0;;;180;360;2;2016;
428;3727/1;RELAÇÕES INTERNACIONAIS - BRASÍLIA -  - MT - Bacharel;414899;RELAÇÕES INTERNACIONAIS;6;9;12;;;;8;2790;1080;360;1710;8;0;;;240;480;2;2017;
144;3867/-2;GEOGRAFIA - BRASÍLIA -  - MT - Licenciado;414687;GEOGRAFIA;6;9;14;;;;0;2910;60;360;2640;0;0;;;180;510;1;2009;
186;7609/-2;FARMÁCIA - BRASÍLIA -  - N - Bacharel;414287;FARMÁCIA;12;12;18;;;;4;4380;1500;360;2880;4;0;;;255;450;2;2013;
187;7609/-3;FARMÁCIA - BRASÍLIA -  - N - Bacharel;414287;FARMÁCIA;12;15;18;;;;4;4380;1500;360;2880;4;0;;;255;450;2;2010;
284;7692/-2;FARMÁCIA - BRASÍLIA -  - MT - Bacharel;414286;FARMÁCIA;10;13;15;;;;4;4380;1560;360;2820;4;0;;;300;480;2;2013;
294;2313/-2;CIÊNCIAS BIOLÓGICAS - BRASÍLIA -  - MT - Licenciado;414393;CIÊNCIAS BIOLÓGICAS;6;10;14;;;;0;3090;840;360;2040;0;0;;;180;525;1;2014;
458;8150/1;ADMINISTRAÇÃO - BRASÍLIA -  - N - Bacharel;414099;ADMINISTRAÇÃO;8;12;16;;;;4;3000;1320;360;1680;4;0;;;210;420;2;2018;
57;4146/-3;LETRAS - LÍNGUA PORTUGUESA E RESPECTIVA LITERATURA - BRASÍLIA -  - N - Licenciado;414845;LETRAS - LÍNGUA PORTUGUESA E RESPECTIVA LITERATURA;6;10;14;;;;0;2640;1140;360;1500;0;0;;;180;450;2;2008;
56;4146/-2;LETRAS - LÍNGUA PORTUGUESA E RESPECTIVA LITERATURA - BRASÍLIA -  - N - Licenciado;414845;LETRAS - LÍNGUA PORTUGUESA E RESPECTIVA LITERATURA;6;10;14;;;;0;2640;810;360;1830;0;0;;;180;450;2;2014;
4052097;5592/-2;MÚSICA - PIANO - BRASÍLIA -  - MT - Bacharel;414500;MÚSICA - PIANO;6;8;10;;;;0;1050;330;360;720;0;0;;;210;360;2;2006;
113;3221/-4;CIÊNCIAS ECONÔMICAS - BRASÍLIA -  - MT - Bacharel;414699;CIÊNCIAS ECONÔMICAS;6;8;14;;;;96;3000;1230;360;1770;96;0;;;210;480;1;2011;
381;4227/1;LETRAS - LÍNGUA FRANCESA E RESPECTIVA LITERATURA - BRASÍLIA -  - MT - Licenciado;414796;LETRAS - LÍNGUA FRANCESA E RESPECTIVA LITERATURA;6;9;14;;;;4;2700;1110;360;1590;4;0;;;180;450;2;2016;
114;3221/-5;CIÊNCIAS ECONÔMICAS - BRASÍLIA -  - MT - Bacharel;414699;CIÊNCIAS ECONÔMICAS;6;8;14;;;;92;3000;1170;360;1830;92;0;;;210;480;1;2007;
192;4111/-2;LETRAS - LÍNGUA PORTUGUESA E RESPECTIVA LITERATURA - BRASÍLIA -  - MT - Bacharel;414843;LETRAS - LÍNGUA PORTUGUESA E RESPECTIVA LITERATURA;6;10;14;;;;0;2700;1230;360;1470;0;0;;;180;450;2;2010;
266;3344/-2;FILOSOFIA - BRASÍLIA -  - MT - Licenciado;414714;FILOSOFIA;8;11;14;;;;0;3030;900;360;1920;0;0;;;210;390;1;2014;
382;4316/1;LETRAS - LÍNGUA INGLESA E RESPECTIVA LITERATURA - BRASÍLIA -  - MT - Bacharel;414809;LETRAS - LÍNGUA INGLESA E RESPECTIVA LITERATURA;6;8;14;;;;0;2700;1260;360;1440;0;0;;;180;450;2;2016;
27;7315/-4;EDUCAÇÃO FÍSICA - BRASÍLIA -  - MT - Licenciado;414274;EDUCAÇÃO FÍSICA;8;11;14;;;;0;2910;1140;360;1770;0;0;;;240;390;1;2004;
401;6289/-2;ENGENHARIA DE ENERGIA - BRASÍLIA -  - MT - Bacharel;414922;ENGENHARIA DE ENERGIA;10;10;16;;;;0;3825;1875;360;1950;0;0;;;240;480;2;2016;
96;8192/1;ARQUIVOLOGIA - BRASÍLIA -  - N - Bacharel;414931;ARQUIVOLOGIA;6;10;10;;;;0;2400;1140;360;1260;0;0;;;240;420;1;2013;
359;2259/-2;CIÊNCIAS BIOLÓGICAS - BRASÍLIA -  - N - Licenciado;414392;CIÊNCIAS BIOLÓGICAS;8;11;14;;;;0;3060;1230;360;1830;0;0;;;240;450;1;2016;
469;5371/-2;ARTES CÊNICAS - INTERPRETAÇÃO TEATRAL - BRASÍLIA -  - MT - Bacharel;414436;ARTES CÊNICAS - INTERPRETAÇÃO TEATRAL;7;10;12;;;;0;2880;1260;360;1620;0;0;;;240;450;2;2019;
4052098;5622/-2;MÚSICA                                                                 - BRASÍLIA -  - MT - Bacharel;702698;MÚSICA                                                                ;12;12;16;;;;0;2310;1080;360;1230;0;0;;;210;360;2;2006;
450;6297/1;ENGENHARIA AUTOMOTIVA - BRASÍLIA -  - MT - Bacharel;414919;ENGENHARIA AUTOMOTIVA;10;13;16;;;;0;3615;1110;360;2505;0;0;;;240;480;1;2018;
360;3352/1;FILOSOFIA - BRASÍLIA -  - N - Licenciado;414715;FILOSOFIA;8;11;14;;;;0;3030;900;360;1920;0;0;;;210;390;1;2016;
2;3131/1;CIÊNCIAS SOCIAIS - ANTROPOLOGIA - BRASÍLIA -  - MT - Bacharel;414407;CIÊNCIAS SOCIAIS - ANTROPOLOGIA;6;10;14;;;;12;2520;870;360;1650;12;0;;;180;450;2;2019;
194;4120/-2;LETRAS - LÍNGUA PORTUGUESA E RESPECTIVA LITERATURA - BRASÍLIA -  - MT - Licenciado;414844;LETRAS - LÍNGUA PORTUGUESA E RESPECTIVA LITERATURA;6;10;14;;;;0;2700;810;360;1890;0;0;;;180;450;2;2014;
378;4111/1;LETRAS - LÍNGUA PORTUGUESA E RESPECTIVA LITERATURA - BRASÍLIA -  - MT - Bacharel;414843;LETRAS - LÍNGUA PORTUGUESA E RESPECTIVA LITERATURA;6;10;14;;;;0;2700;1230;360;1470;0;0;;;180;450;2;2016;
4;3131/-3;CIÊNCIAS SOCIAIS - ANTROPOLOGIA - BRASÍLIA -  - MT - Bacharel;414407;CIÊNCIAS SOCIAIS - ANTROPOLOGIA;6;10;14;;;;12;2520;870;360;1650;12;0;;;180;450;1;2016;
59;4154/-2;LETRAS - LÍNGUA ESPANHOLA E LITERATURA ESPANHOLA E HISPANO-AMERICANA - BRASÍLIA -  - N - Licenciado;414782;LETRAS - LÍNGUA ESPANHOLA E LITERATURA ESPANHOLA E HISPANO-AMERICANA;8;12;16;;;;0;2550;780;360;1770;0;0;;;180;420;2;2007;
334;4430/1;LETRAS - PORTUGUÊS DO BRASIL COMO SEGUNDA LÍNGUA - BRASÍLIA -  - MT - Licenciado;414848;LETRAS - PORTUGUÊS DO BRASIL COMO SEGUNDA LÍNGUA;6;10;14;;;;0;2820;840;360;1980;0;0;;;180;450;1;2015;
42;3115/-7;CIÊNCIAS SOCIAIS - BRASÍLIA -  - MT - Bacharel;414404;CIÊNCIAS SOCIAIS;6;10;14;;;;12;2520;1530;360;990;12;0;;;195;450;1;2005;
43;3166/-5;CIÊNCIAS SOCIAIS                                                       - BRASÍLIA -  - MT - Licenciado;702695;CIÊNCIAS SOCIAIS                                                      ;6;10;14;;;;12;2520;1080;360;1440;12;0;;;195;450;2;2016;
110;8885/-3;DIREITO - BRASÍLIA -  - N - Bacharel;414221;DIREITO;10;13;16;;;;4;3840;390;360;3150;4;0;;;240;450;1;2016;
4052096;1112/-5;FÍSICA - BRASÍLIA -  - MT - Bacharel;414663;FÍSICA;6;8;12;;;;0;1740;1050;360;690;0;0;;;240;480;2;1997;
415;3115/-3;CIÊNCIAS SOCIAIS - BRASÍLIA -  - MT - Bacharel;414404;CIÊNCIAS SOCIAIS;6;10;14;;;;12;2520;1530;360;990;12;0;;;195;450;2;2017;
446;8885/-2;DIREITO - BRASÍLIA -  - N - Bacharel;414221;DIREITO;10;13;16;;;;4;3840;390;360;3150;4;0;;;240;450;2;2017;
14;5665/-4;ARTES VISUAIS - BRASÍLIA -  - N - Licenciado;414551;ARTES VISUAIS;8;11;14;;;;0;2730;1140;360;1590;0;0;;;180;360;1;2016;
13;5657/-6;ARTES VISUAIS - BRASÍLIA -  - MT - Licenciado;414553;ARTES VISUAIS;8;10;12;;;;0;2730;1200;360;1530;0;0;;;240;360;2;2004;
177;6181/-4;MEDICINA VETERINÁRIA - BRASÍLIA -  - MT - Médico Veterinário;414202;MEDICINA VETERINÁRIA;10;14;18;;;;0;4005;1815;360;2190;0;0;;;270;510;1;2010;
405;6521/-2;ENGENHARIA FLORESTAL - BRASÍLIA -  - MT - Engenheiro Florestal;414342;ENGENHARIA FLORESTAL;8;12;16;;;;0;3870;1185;360;2685;0;0;;;255;510;1;2017;
379;4146/1;LETRAS - LÍNGUA PORTUGUESA E RESPECTIVA LITERATURA - BRASÍLIA -  - N - Licenciado;414845;LETRAS - LÍNGUA PORTUGUESA E RESPECTIVA LITERATURA;6;10;14;;;;0;2640;810;360;1830;0;0;;;180;450;2;2016;
223;60828/-2;TEORIA, CRÍTICA E HISTÓRIA DA ARTE - BRASÍLIA -  - N - Bacharel;414435;TEORIA, CRÍTICA E HISTÓRIA DA ARTE;8;10;12;;;;0;2610;1680;360;930;0;0;;;240;360;1;2013;
196;4219/-2;LETRAS - LÍNGUA FRANCESA E RESPECTIVA LITERATURA - BRASÍLIA -  - MT - Bacharel;414795;LETRAS - LÍNGUA FRANCESA E RESPECTIVA LITERATURA;6;10;14;;;;4;2700;1260;360;1440;4;0;;;180;450;2;2010;
336;698/-2;LÍNGUA DE SINAIS BRASILEIRA -PORTUGUÊS COMO SEGUNDA LÍNGUA - BRASÍLIA -  - MT - Licenciado;414849;LÍNGUA DE SINAIS BRASILEIRA -PORTUGUÊS COMO SEGUNDA LÍNGUA;8;12;16;;;;0;2820;570;360;2250;0;0;;;180;390;1;2016;
197;4227/-2;LETRAS - LÍNGUA FRANCESA E RESPECTIVA LITERATURA - BRASÍLIA -  - MT - Licenciado;414796;LETRAS - LÍNGUA FRANCESA E RESPECTIVA LITERATURA;6;10;14;;;;4;2700;1110;360;1590;4;0;;;180;450;1;2015;
436;8150/-2;ADMINISTRAÇÃO - BRASÍLIA -  - N - Bacharel;414099;ADMINISTRAÇÃO;8;12;16;;;;4;3000;1320;360;1680;4;0;;;180;420;2;2017;
199;4316/-2;LETRAS - LÍNGUA INGLESA E RESPECTIVA LITERATURA - BRASÍLIA -  - MT - Bacharel;414809;LETRAS - LÍNGUA INGLESA E RESPECTIVA LITERATURA;6;10;14;;;;0;2700;1260;360;1440;0;0;;;180;450;2;2014;
384;4626/1;LETRAS - TRADUÇÃO - ESPANHOL - BRASÍLIA -  - N - Bacharel;414775;LETRAS - TRADUÇÃO - ESPANHOL;7;11;14;;;;0;2520;750;360;1770;0;0;;;180;390;2;2016;
180;7111/-2;MEDICINA - BRASÍLIA -  - MT - Médico;414280;MEDICINA;10;14;18;;;;0;7200;3660;360;3540;0;0;;;285;570;2;2015;
374;7111/1;MEDICINA - BRASÍLIA -  - MT - Médico;414280;MEDICINA;12;15;18;;;;22;7920;720;360;7200;22;0;;;285;960;1;2016;
103;8486/-5;DIREITO - BRASÍLIA -  - MT - Bacharel;414220;DIREITO;10;13;16;;;;4;3840;390;360;3150;4;0;;;240;450;1;2011;
169;8265/-4;MUSEOLOGIA                                                             - BRASÍLIA -  - MT - Bacharel;702704;MUSEOLOGIA                                                            ;7;8;12;;;;4;2535;885;360;1650;4;0;;;240;420;2;2009;
377;3867/1;GEOGRAFIA - BRASÍLIA -  - MT - Licenciado;414687;GEOGRAFIA;6;8;14;;;;0;2910;60;360;2640;0;0;;;180;510;2;2016;
105;8591/1;CIÊNCIA POLÍTICA - BRASÍLIA -  - MT - Bacharel;414892;CIÊNCIA POLÍTICA;6;9;12;;;;8;2670;1350;360;1320;8;0;;;240;480;2;2019;
339;7692/1;FARMÁCIA - BRASÍLIA -  - MT - Bacharel;414286;FARMÁCIA;10;13;15;;;;4;4380;1560;360;2820;4;0;;;300;480;1;2015;
447;931/1;FÍSICA - BRASÍLIA -  - MT - Licenciado;414664;FÍSICA;8;11;14;;;;0;3240;1020;360;2220;0;0;;;210;450;2;2017;
175;5673/-2;ARQUITETURA E URBANISMO - BRASÍLIA -  - N - Arquiteto e Urbanista;414181;ARQUITETURA E URBANISMO;9;13;18;;;;0;3750;540;360;3120;0;0;;;240;510;1;2010;
291;9296/1;PEDAGOGIA - BRASÍLIA -  - MT - Licenciado;414231;PEDAGOGIA;10;12;14;;;;0;3240;960;360;2280;0;0;;;240;420;1;2016;
109;8591/-5;CIÊNCIA POLÍTICA - BRASÍLIA -  - MT - Bacharel;414892;CIÊNCIA POLÍTICA;6;9;12;;;;8;2670;1350;360;1320;8;0;;;240;480;2;2006;
364;6254/1;ENGENHARIA AMBIENTAL - BRASÍLIA -  - MT - Engenheiro;414345;ENGENHARIA AMBIENTAL;10;14;18;;;;0;3900;1275;360;2625;0;0;;;240;480;1;2018;
210;3221/-3;CIÊNCIAS ECONÔMICAS - BRASÍLIA -  - MT - Bacharel;414699;CIÊNCIAS ECONÔMICAS;6;8;14;;;;96;3000;1230;360;1770;96;0;;;210;480;2;2011;
411;6360/1;ENGENHARIA DE SOFTWARE - BRASÍLIA -  - MT - Bacharel;414924;ENGENHARIA DE SOFTWARE;9;10;16;;;;4;3480;900;360;2580;4;0;;;240;480;1;2017;
222;60810/-2;EDUCAÇÃO FÍSICA - BRASÍLIA -  - MT - Bacharel;414276;EDUCAÇÃO FÍSICA;8;10;12;;;;4;3210;1050;360;1950;4;0;;;270;450;1;2012;
293;2313/1;CIÊNCIAS BIOLÓGICAS - BRASÍLIA -  - MT - Licenciado;414393;CIÊNCIAS BIOLÓGICAS;6;10;14;;;;0;3090;690;360;2190;0;0;;;180;525;2;2014;
335;698/1;LÍNGUA DE SINAIS BRASILEIRA -PORTUGUÊS COMO SEGUNDA LÍNGUA - BRASÍLIA -  - MT - Licenciado;414849;LÍNGUA DE SINAIS BRASILEIRA -PORTUGUÊS COMO SEGUNDA LÍNGUA;8;12;16;;;;0;2820;510;360;2310;0;0;;;180;390;1;2019;
380;4219/1;LETRAS - LÍNGUA FRANCESA E RESPECTIVA LITERATURA - BRASÍLIA -  - MT - Bacharel;414795;LETRAS - LÍNGUA FRANCESA E RESPECTIVA LITERATURA;6;10;14;;;;4;2700;1260;360;1440;4;0;;;180;450;2;2016;
195;4120/-3;LETRAS - LÍNGUA PORTUGUESA E RESPECTIVA LITERATURA - BRASÍLIA -  - MT - Licenciado;414844;LETRAS - LÍNGUA PORTUGUESA E RESPECTIVA LITERATURA;6;10;14;;;;0;2700;1290;360;1410;0;0;;;180;450;2;2010;
227;8516/-3;CIÊNCIAS CONTÁBEIS - BRASÍLIA -  - MT - Bacharel;414130;CIÊNCIAS CONTÁBEIS;8;11;14;;;;12;3000;1140;360;1860;12;0;;;210;420;1;2012;
328;6262/1;GESTÃO DE AGRONEGÓCIOS - BRASÍLIA -  - N - Bacharel;414198;GESTÃO DE AGRONEGÓCIOS;8;12;16;;;;8;3000;990;360;2010;8;0;;;240;480;2;2014;
444;8583/-2;CIÊNCIAS CONTÁBEIS - BRASÍLIA -  - N - Bacharel;414131;CIÊNCIAS CONTÁBEIS;10;12;14;;;;8;3000;1200;360;1800;8;0;;;210;420;2;2017;
263;3336/-3;FILOSOFIA - BRASÍLIA -  - MT - Bacharel;414713;FILOSOFIA;6;10;14;;;;0;2400;960;360;1440;0;0;;;210;390;1;2014;
262;3336/-2;FILOSOFIA - BRASÍLIA -  - MT - Bacharel;414713;FILOSOFIA;6;10;14;;;;0;2400;960;360;1440;0;0;;;210;390;1;2017;
419;3336/1;FILOSOFIA - BRASÍLIA -  - MT - Bacharel;414713;FILOSOFIA;6;10;14;;;;0;2400;960;360;1440;0;0;;;210;390;2;2017;
240;6181/1;MEDICINA VETERINÁRIA - BRASÍLIA -  - MT - Médico Veterinário;414202;MEDICINA VETERINÁRIA;10;15;20;;;;0;4200;870;360;3330;0;0;;;270;480;1;2016;
149;5711/-2;ARTES CÊNICAS - BRASÍLIA -  - MT - Licenciado;414437;ARTES CÊNICAS;8;10;12;;;;10;2880;870;360;2010;10;0;;;240;480;1;2016;
150;5711/-4;ARTES CÊNICAS - BRASÍLIA -  - MT - Licenciado;414437;ARTES CÊNICAS;8;8;12;;;;10;2880;930;360;1950;10;0;;;240;480;1;2012;
151;5711/-6;ARTES CÊNICAS - BRASÍLIA -  - MT - Licenciado;414437;ARTES CÊNICAS;8;10;12;;;;10;2880;930;360;1950;10;0;;;240;480;2;2009;
152;5711/-5;ARTES CÊNICAS - BRASÍLIA -  - MT - Licenciado;414437;ARTES CÊNICAS;8;10;12;;;;10;2880;930;360;1950;10;0;;;240;480;1;2009;
154;5720/-3;ARTES CÊNICAS                                                          - BRASÍLIA -  - N - Licenciado;702696;ARTES CÊNICAS                                                         ;8;10;12;;;;4;2880;1080;360;1800;4;0;;;240;420;1;2009;
15;5665/-5;ARTES VISUAIS - BRASÍLIA -  - N - Licenciado;414551;ARTES VISUAIS;8;11;14;;;;0;2730;1200;360;1530;0;0;;;180;360;1;2004;
81;6190/1;GESTÃO DO AGRONEGÓCIO - BRASÍLIA -  - MT - Bacharel;414889;GESTÃO DO AGRONEGÓCIO;8;12;16;;;;0;3000;900;360;2100;0;0;;;180;420;1;2006;
322;7323/-2;EDUCAÇÃO FÍSICA - BRASÍLIA -  - MT - Licenciado;414275;EDUCAÇÃO FÍSICA;8;10;12;;;;0;2820;540;360;2070;0;0;;;300;390;1;2014;
321;7323/1;EDUCAÇÃO FÍSICA - BRASÍLIA -  - MT - Licenciado;414275;EDUCAÇÃO FÍSICA;8;10;12;;;;0;2820;540;360;2070;0;0;;;300;390;2;2014;
198;4227/-3;LETRAS - LÍNGUA FRANCESA E RESPECTIVA LITERATURA - BRASÍLIA -  - MT - Licenciado;414796;LETRAS - LÍNGUA FRANCESA E RESPECTIVA LITERATURA;6;10;14;;;;4;2700;1170;360;1530;4;0;;;180;450;2;2010;
200;4316/-3;LETRAS - LÍNGUA INGLESA E RESPECTIVA LITERATURA - BRASÍLIA -  - MT - Bacharel;414809;LETRAS - LÍNGUA INGLESA E RESPECTIVA LITERATURA;6;10;14;;;;0;2700;1260;360;1440;0;0;;;180;450;2;2010;
72;6335/-6;ENGENHARIA ELÉTRICA - BRASÍLIA -  - MT - Engenheiro Eletricista;414360;ENGENHARIA ELÉTRICA;8;10;18;;;;4;3930;2115;360;1815;4;0;;;240;510;1;2009;
456;8117/1;ADMINISTRAÇÃO - BRASÍLIA -  - MT - Bacharel;414112;ADMINISTRAÇÃO;8;12;16;;;;4;3000;1320;360;1680;4;0;;;210;420;1;2020;
457;8117/-2;ADMINISTRAÇÃO - BRASÍLIA -  - MT - Bacharel;414112;ADMINISTRAÇÃO;8;8;16;;;;4;3000;1320;360;1680;4;0;;;210;420;2;2018;
445;8885/1;DIREITO - BRASÍLIA -  - N - Bacharel;414221;DIREITO;10;13;16;;;;4;3840;390;360;3150;4;0;;;240;450;2;2019;
60;4324/-5;LETRAS - LÍNGUA INGLESA E RESPECTIVA LITERATURA - BRASÍLIA -  - MT - Licenciado;702701;LETRAS - LÍNGUA INGLESA E RESPECTIVA LITERATURA;6;10;14;;;;0;2700;1110;360;1590;0;0;;;195;450;1;2005;
61;4430/-2;LETRAS - PORTUGUÊS DO BRASIL COMO SEGUNDA LÍNGUA - BRASÍLIA -  - MT - Licenciado;414848;LETRAS - PORTUGUÊS DO BRASIL COMO SEGUNDA LÍNGUA;6;10;14;;;;0;2460;480;360;1980;0;0;;;180;450;2;2014;
338;7609/1;FARMÁCIA - BRASÍLIA -  - N - Bacharel;414287;FARMÁCIA;12;12;18;;;;4;4380;1500;360;2880;4;0;;;255;450;1;2015;
412;1325/1;MATEMÁTICA - BRASÍLIA -  - MT - Licenciado;414638;MATEMÁTICA;6;10;14;;;;0;2820;690;360;1920;0;0;;;240;480;2;2017;
480;7315/1;EDUCAÇÃO FÍSICA - BRASÍLIA -  - MT - Licenciado;414274;EDUCAÇÃO FÍSICA;6;8;10;;;;2;2820;810;360;1800;2;0;;;300;480;2;2016;
330;7412/1;ENFERMAGEM - BRASÍLIA -  - MT - Enfermeiro;414295;ENFERMAGEM;10;10;15;;;;0;4020;1680;360;2340;0;0;;;270;435;1;2015;
62;4430/-3;LETRAS - PORTUGUÊS DO BRASIL COMO SEGUNDA LÍNGUA - BRASÍLIA -  - MT - Licenciado;414848;LETRAS - PORTUGUÊS DO BRASIL COMO SEGUNDA LÍNGUA;6;10;14;;;;0;2460;840;360;1620;0;0;;;180;450;1;2005;
427;3522/1;SERVIÇO SOCIAL - BRASÍLIA -  - N - Bacharel;414765;SERVIÇO SOCIAL;8;9;16;;;;0;3000;960;360;2040;0;0;;;210;420;2;2017;
265;3344/1;FILOSOFIA - BRASÍLIA -  - MT - Licenciado;414714;FILOSOFIA;8;11;14;;;;0;3030;900;360;1920;0;0;;;210;390;1;2017;
124;3514/-3;SERVIÇO SOCIAL - BRASÍLIA -  - MT - Bacharel;414764;SERVIÇO SOCIAL;7;8;14;;;;4;3120;1230;360;1890;4;0;;;210;450;2;2008;
119;4910/-3;LETRAS - LÍNGUA PORTUGUESA E RESPECTIVA LITERATURA - BRASÍLIA -  - MT - Licenciado;414772;LETRAS - LÍNGUA PORTUGUESA E RESPECTIVA LITERATURA;9;13;16;;;;0;3240;90;360;3150;0;0;;;150;420;2;2007;
358;2259/1;CIÊNCIAS BIOLÓGICAS - BRASÍLIA -  - N - Licenciado;414392;CIÊNCIAS BIOLÓGICAS;8;9;14;;;;0;3060;1170;360;1890;0;0;;;240;450;2;2016;
385;4910/1;LETRAS - LÍNGUA PORTUGUESA E RESPECTIVA LITERATURA - BRASÍLIA -  - MT - Licenciado;414772;LETRAS - LÍNGUA PORTUGUESA E RESPECTIVA LITERATURA;9;13;16;;;;0;3240;30;360;3210;0;0;;;150;540;2;2016;
224;60828/-3;TEORIA, CRÍTICA E HISTÓRIA DA ARTE - BRASÍLIA -  - N - Bacharel;414435;TEORIA, CRÍTICA E HISTÓRIA DA ARTE;8;10;12;;;;0;2610;1680;360;930;0;0;;;240;360;1;2012;
5;3131/-4;CIÊNCIAS SOCIAIS - ANTROPOLOGIA - BRASÍLIA -  - MT - Bacharel;414407;CIÊNCIAS SOCIAIS - ANTROPOLOGIA;6;10;14;;;;0;2520;780;360;1740;0;0;;;180;450;2;1997;
468;5371/1;ARTES CÊNICAS - INTERPRETAÇÃO TEATRAL - BRASÍLIA -  - MT - Bacharel;414436;ARTES CÊNICAS - INTERPRETAÇÃO TEATRAL;7;10;12;;;;0;2880;1350;360;1530;0;0;;;240;450;1;2020;
252;5126/-2;ARQUITETURA E URBANISMO - BRASÍLIA -  - MT - Arquiteto e Urbanista;414180;ARQUITETURA E URBANISMO;9;14;18;;;;0;3750;570;360;3090;0;0;;;240;510;1;2013;
369;5126/1;ARQUITETURA E URBANISMO - BRASÍLIA -  - MT - Arquiteto e Urbanista;414180;ARQUITETURA E URBANISMO;9;14;18;;;;0;3750;570;360;3090;0;0;;;240;510;1;2016;
268;434/1;MÚSICA - BRASÍLIA -  - MT - Licenciado;414459;MÚSICA;8;11;14;;;;0;2850;1470;360;1380;0;0;;;210;390;2;2013;
134;6131/-4;ENGENHARIA ELETRÔNICA - BRASÍLIA -  - MT - Bacharel;414926;ENGENHARIA ELETRÔNICA;10;13;16;;;;0;3645;1950;360;1695;0;0;;;240;480;2;2008;
133;6131/-3;ENGENHARIA ELETRÔNICA - BRASÍLIA -  - MT - Bacharel;414926;ENGENHARIA ELETRÔNICA;10;13;16;;;;0;3645;1950;360;1695;0;0;;;240;480;2;2013;
368;6131/-2;ENGENHARIA ELETRÔNICA - BRASÍLIA -  - MT - Bacharel;414926;ENGENHARIA ELETRÔNICA;10;13;16;;;;0;3855;2160;360;1695;0;0;;;240;480;1;2016;
373;6351/-3;ENGENHARIA DE REDES DE COMUNICAÇÃO - BRASÍLIA -  - MT - Bacharel;414330;ENGENHARIA DE REDES DE COMUNICAÇÃO;10;15;20;;;;0;3750;1680;360;2070;0;0;;;210;450;1;2016;
372;6351/-2;ENGENHARIA DE REDES DE COMUNICAÇÃO - BRASÍLIA -  - MT - Bacharel;414330;ENGENHARIA DE REDES DE COMUNICAÇÃO;10;15;20;;;;0;3750;1680;360;2070;0;0;;;210;450;1;2017;
127;7137/-3;FISIOTERAPIA - BRASÍLIA -  - MT - Bacharel;414908;FISIOTERAPIA;10;10;18;;;;0;4500;1950;360;2280;0;0;;;240;450;2;2008;
452;7072/-2;ENFERMAGEM - BRASÍLIA -  - MT - Enfermeiro;414902;ENFERMAGEM;10;12;14;;;;0;4230;2490;360;1740;0;0;;;240;450;1;2018;
306;1449/-2;QUÍMICA - BRASÍLIA -  - MT - Bacharel;414870;QUÍMICA;8;10;12;;;;0;3150;1020;360;2130;0;0;;;270;420;1;2016;
376;1449/1;QUÍMICA - BRASÍLIA -  - MT - Bacharel;414870;QUÍMICA;8;10;12;;;;0;3150;1020;360;2130;0;0;;;270;420;2;2016;
4055980;6521/1;ENGENHARIA FLORESTAL - BRASÍLIA -  - MT - Engenheiro Florestal;414342;ENGENHARIA FLORESTAL;8;10;16;;;;0;3870;615;360;3255;0;0;;;255;510;1;2020;
79;6521/-5;ENGENHARIA FLORESTAL - BRASÍLIA -  - MT - Engenheiro Florestal;414342;ENGENHARIA FLORESTAL;8;12;16;;;;8;3870;1050;360;2820;8;0;;;255;510;1;2005;
108;8591/-4;CIÊNCIA POLÍTICA - BRASÍLIA -  - MT - Bacharel;414892;CIÊNCIA POLÍTICA;6;9;12;;;;8;2670;1350;360;1320;8;0;;;240;480;2;2008;
112;8885/-5;DIREITO - BRASÍLIA -  - N - Bacharel;414221;DIREITO;10;13;16;;;;4;3840;330;360;3210;4;0;;;240;450;2;2006;
235;3115/-6;CIÊNCIAS SOCIAIS - BRASÍLIA -  - MT - Bacharel;414404;CIÊNCIAS SOCIAIS;6;10;14;;;;12;2520;1530;360;990;12;0;;;195;450;2;2012;
441;8516/1;CIÊNCIAS CONTÁBEIS - BRASÍLIA -  - MT - Bacharel;414130;CIÊNCIAS CONTÁBEIS;8;11;14;;;;8;3000;1140;360;1860;8;0;;;210;420;2;2019;
337;698/-3;LÍNGUA DE SINAIS BRASILEIRA -PORTUGUÊS COMO SEGUNDA LÍNGUA - BRASÍLIA -  - MT - Licenciado;414849;LÍNGUA DE SINAIS BRASILEIRA -PORTUGUÊS COMO SEGUNDA LÍNGUA;8;12;16;;;;0;2820;630;360;2190;0;0;;;180;390;1;2015;
20;9245/-3;PEDAGOGIA - BRASÍLIA -  - N - Licenciado;414230;PEDAGOGIA;6;10;14;;;;0;3210;1110;360;2100;0;0;;;180;420;1;2016;
397;9229/-2;PEDAGOGIA - BRASÍLIA -  - MT - Licenciado;414229;PEDAGOGIA;6;10;14;;;;0;3210;1110;360;2100;0;0;;;180;450;2;2016;
4005580;8265/1;MUSEOLOGIA                                                             - BRASÍLIA -  - MT - Bacharel;702704;MUSEOLOGIA                                                            ;7;8;12;;;;0;2535;945;360;1590;0;0;;;240;420;1;2020;
167;8265/-2;MUSEOLOGIA                                                             - BRASÍLIA -  - MT - Bacharel;702704;MUSEOLOGIA                                                            ;7;8;12;;;;0;2535;945;360;1590;0;0;;;240;420;1;2016;
168;8265/-3;MUSEOLOGIA                                                             - BRASÍLIA -  - MT - Bacharel;702704;MUSEOLOGIA                                                            ;7;8;12;;;;0;2535;945;360;1590;0;0;;;240;420;2;2012;
122;9636/-3;EDUCAÇÃO DO CAMPO - CIÊNCIAS DA NATUREZA E MATEMÁTICA - BRASÍLIA -  - MT - Licenciado;414882;EDUCAÇÃO DO CAMPO - CIÊNCIAS DA NATUREZA E MATEMÁTICA;8;10;12;;;;0;3550;10;360;3540;0;0;;;315;585;2;2007;
55;4111/-3;LETRAS - LÍNGUA PORTUGUESA E RESPECTIVA LITERATURA - BRASÍLIA -  - MT - Bacharel;414843;LETRAS - LÍNGUA PORTUGUESA E RESPECTIVA LITERATURA;6;10;14;;;;0;2700;1230;360;1470;0;0;;;195;450;2;2008;
4005581;2283/1;CIÊNCIAS NATURAIS                                                      - BRASÍLIA -  - MT - Licenciado;702702;CIÊNCIAS NATURAIS                                                     ;8;8;16;;;;4;3225;810;360;2205;4;0;;;210;450;1;2020;
4005582;2291/1;CIÊNCIAS NATURAIS                                                      - BRASÍLIA -  - N - Licenciado;702703;CIÊNCIAS NATURAIS                                                     ;8;9;16;;;;4;3225;810;360;2205;4;0;;;210;450;1;2020;
383;4324/-2;LETRAS - LÍNGUA INGLESA E RESPECTIVA LITERATURA - BRASÍLIA -  - MT - Licenciado;702701;LETRAS - LÍNGUA INGLESA E RESPECTIVA LITERATURA;6;10;14;;;;0;2700;690;360;2010;0;0;;;180;450;2;2016;
4035263;5151/1;TEATRO                                                                 - BRASÍLIA -  - MT - Licenciado;694213;TEATRO                                                                ;8;8;14;;;;0;3000;1185;360;1815;0;0;;;90;510;1;2014;
201;4324/-3;LETRAS - LÍNGUA INGLESA E RESPECTIVA LITERATURA - BRASÍLIA -  - MT - Licenciado;702701;LETRAS - LÍNGUA INGLESA E RESPECTIVA LITERATURA;6;10;14;;;;0;2700;690;360;2010;0;0;;;180;450;2;2014;
153;5720/-2;ARTES CÊNICAS                                                          - BRASÍLIA -  - N - Licenciado;702696;ARTES CÊNICAS                                                         ;8;10;12;;;;4;2880;1020;360;1860;4;0;;;240;420;1;2016;
202;4324/-4;LETRAS - LÍNGUA INGLESA E RESPECTIVA LITERATURA - BRASÍLIA -  - MT - Licenciado;702701;LETRAS - LÍNGUA INGLESA E RESPECTIVA LITERATURA;6;10;14;;;;0;2700;1110;360;1590;0;0;;;180;450;2;2010;
148;5711/-3;ARTES CÊNICAS - BRASÍLIA -  - MT - Licenciado;414437;ARTES CÊNICAS;8;10;12;;;;22;2880;870;360;2010;22;0;;;240;480;2;2016;
4005579;5720/1;ARTES CÊNICAS                                                          - BRASÍLIA -  - N - Licenciado;702696;ARTES CÊNICAS                                                         ;8;8;14;;;;45;3255;1230;360;1815;45;0;;;240;420;1;2020;
4005583;4324/1;LETRAS - LÍNGUA INGLESA E RESPECTIVA LITERATURA - BRASÍLIA -  - MT - Licenciado;702701;LETRAS - LÍNGUA INGLESA E RESPECTIVA LITERATURA;8;8;16;;;;0;3540;1500;360;1830;0;0;;;210;450;1;2020;
244;3417/-6;HISTÓRIA                                                               - BRASÍLIA -  - MT - Bacharel;702700;HISTÓRIA                                                              ;6;11;15;;;;0;2640;990;360;1500;0;0;;;180;450;2;2016;
4005584;3166/1;CIÊNCIAS SOCIAIS                                                       - BRASÍLIA -  - MT - Licenciado;702695;CIÊNCIAS SOCIAIS                                                      ;8;10;16;;;;4;2745;1095;360;1440;4;0;;;210;450;1;2020;
246;3417/-7;HISTÓRIA                                                               - BRASÍLIA -  - MT - Bacharel;702700;HISTÓRIA                                                              ;6;11;15;;;;0;2640;990;360;1500;0;0;;;180;450;1;2015;
251;3425/-8;HISTÓRIA - BRASÍLIA -  - MT - Licenciado;414745;HISTÓRIA;7;12;16;;;;0;2955;720;360;2025;0;0;;;240;480;1;2013;
191;3352/-2;FILOSOFIA - BRASÍLIA -  - N - Licenciado;414715;FILOSOFIA;8;11;14;;;;0;3030;900;360;1920;0;0;;;210;390;2;2010;
424;3425/-2;HISTÓRIA - BRASÍLIA -  - MT - Licenciado;414745;HISTÓRIA;7;12;16;;;;0;2955;720;360;2025;0;0;;;240;480;2;2019;
426;3425/-4;HISTÓRIA - BRASÍLIA -  - MT - Licenciado;414745;HISTÓRIA;7;12;16;;;;0;2955;720;360;2025;0;0;;;240;480;2;2017;
4005585;3417/1;HISTÓRIA                                                               - BRASÍLIA -  - MT - Bacharel;702700;HISTÓRIA                                                              ;6;9;15;;;;0;2820;870;360;1800;0;0;;;180;450;1;2020;
44;3166/-4;CIÊNCIAS SOCIAIS                                                       - BRASÍLIA -  - MT - Licenciado;702695;CIÊNCIAS SOCIAIS                                                      ;6;10;14;;;;12;2520;1080;360;1440;12;0;;;195;450;1;2016;
95;8150/-5;ADMINISTRAÇÃO - BRASÍLIA -  - N - Bacharel;414099;ADMINISTRAÇÃO;8;12;16;;;;8;3000;1530;360;1470;8;0;;;180;450;1;2011;
416;3166/-2;CIÊNCIAS SOCIAIS                                                       - BRASÍLIA -  - MT - Licenciado;702695;CIÊNCIAS SOCIAIS                                                      ;6;10;14;;;;12;2520;1080;360;1440;12;0;;;195;450;2;2019;
417;3166/-3;CIÊNCIAS SOCIAIS                                                       - BRASÍLIA -  - MT - Licenciado;702695;CIÊNCIAS SOCIAIS                                                      ;6;10;14;;;;12;2520;1080;360;1440;12;0;;;195;450;2;2017;
143;6157/-2;GESTÃO AMBIENTAL - BRASÍLIA -  - N - Bacharel;414888;GESTÃO AMBIENTAL;8;12;16;;;;4;2790;855;360;1935;4;0;;;210;480;2;2008;
77;6521/-3;ENGENHARIA FLORESTAL - BRASÍLIA -  - MT - Engenheiro Florestal;414342;ENGENHARIA FLORESTAL;8;12;16;;;;4;3870;1125;360;2745;4;0;;;255;510;2;2013;
17;9229/-4;PEDAGOGIA - BRASÍLIA -  - MT - Licenciado;414229;PEDAGOGIA;6;10;14;;;;0;3210;1110;360;2100;0;0;;;180;450;2;2012;
255;2216/-3;CIÊNCIAS BIOLÓGICAS - BRASÍLIA -  - MT - Bacharel;414391;CIÊNCIAS BIOLÓGICAS;8;11;14;;;;0;3210;1710;360;1500;0;0;;;240;450;2;2016;
259;2259/-3;CIÊNCIAS BIOLÓGICAS - BRASÍLIA -  - N - Licenciado;414392;CIÊNCIAS BIOLÓGICAS;8;11;14;;;;0;3060;1230;360;1830;0;0;;;240;450;2;2015;
21;9245/-4;PEDAGOGIA - BRASÍLIA -  - N - Licenciado;414230;PEDAGOGIA;6;10;14;;;;0;3210;1110;360;2100;0;0;;;180;420;2;2012;
179;6262/-2;GESTÃO DE AGRONEGÓCIOS - BRASÍLIA -  - N - Bacharel;414198;GESTÃO DE AGRONEGÓCIOS;8;12;16;;;;12;3000;990;360;2010;12;0;;;240;480;2;2010;
398;9245/-2;PEDAGOGIA - BRASÍLIA -  - N - Licenciado;414230;PEDAGOGIA;6;10;14;;;;0;3210;1110;360;2100;0;0;;;180;420;2;2016;
205;8117/-4;ADMINISTRAÇÃO - BRASÍLIA -  - MT - Bacharel;414112;ADMINISTRAÇÃO;8;8;16;;;;4;3000;1320;360;1680;4;0;;;180;420;1;2016;
209;3221/-2;CIÊNCIAS ECONÔMICAS - BRASÍLIA -  - MT - Bacharel;414699;CIÊNCIAS ECONÔMICAS;6;8;14;;;;96;3000;1230;360;1770;96;0;;;210;480;1;2016;
174;4090/1;LÍNGUAS ESTRANGEIRAS APLICADAS - MSI - BRASÍLIA -  - MT - Bacharel;414823;LÍNGUAS ESTRANGEIRAS APLICADAS - MSI;8;8;16;;;;0;2880;2100;360;780;0;0;;;180;450;1;2010;
431;5380/1;DESIGN - PROGRAMAÇÃO VISUAL - BRASÍLIA -  - MT - Bacharel;414970;DESIGN - PROGRAMAÇÃO VISUAL;7;11;14;;;;8;2940;1290;360;1650;8;0;;;210;480;2;2017;
310;1716/-2;ESTATÍSTICA - BRASÍLIA -  - MT - Bacharel;414620;ESTATÍSTICA;8;8;16;;;;0;3000;1140;360;1860;0;0;;;210;420;1;2016;
236;5380/-2;DESIGN - PROGRAMAÇÃO VISUAL - BRASÍLIA -  - MT - Bacharel;414970;DESIGN - PROGRAMAÇÃO VISUAL;7;8;14;;;;8;2940;1290;360;1650;8;0;;;210;480;2;2015;
212;8222/1;BIBLIOTECONOMIA - BRASÍLIA -  - MT - Bacharel;414940;BIBLIOTECONOMIA;8;11;14;;;;0;2700;1260;360;1440;0;0;;;210;420;1;2019;
325;2321/1;CIÊNCIAS AMBIENTAIS - BRASÍLIA -  - N - Bacharel;414667;CIÊNCIAS AMBIENTAIS;7;9;14;;;;0;2700;1590;360;1110;0;0;;;210;390;2;2016;
225;60844/1;ENGENHARIA QUÍMICA - BRASÍLIA -  - MT - Bacharel;414862;ENGENHARIA QUÍMICA;10;10;18;;;;0;3960;1125;360;2835;0;0;;;240;450;1;2015;
172;3522/-3;SERVIÇO SOCIAL - BRASÍLIA -  - N - Bacharel;414765;SERVIÇO SOCIAL;8;9;16;;;;0;3000;960;360;2040;0;0;;;210;420;2;2014;
173;3522/-4;SERVIÇO SOCIAL - BRASÍLIA -  - N - Bacharel;414765;SERVIÇO SOCIAL;8;9;16;;;;0;3000;810;360;2190;0;0;;;210;420;1;2010;
171;3522/-2;SERVIÇO SOCIAL - BRASÍLIA -  - N - Bacharel;414765;SERVIÇO SOCIAL;8;9;16;;;;0;3000;960;360;2040;0;0;;;210;420;1;2016;
237;5380/-3;DESIGN - PROGRAMAÇÃO VISUAL - BRASÍLIA -  - MT - Bacharel;414970;DESIGN - PROGRAMAÇÃO VISUAL;7;11;14;;;;4;2940;1260;360;1680;4;0;;;210;480;2;2012;
410;3476/-2;HISTÓRIA - BRASÍLIA -  - N - Licenciado;414748;HISTÓRIA;8;11;14;;;;0;2955;720;360;2025;0;0;;;180;420;1;2017;
159;3476/-4;HISTÓRIA - BRASÍLIA -  - N - Licenciado;414748;HISTÓRIA;8;11;14;;;;0;2955;720;360;2025;0;0;;;180;420;2;2009;
238;5398/-2;DESIGN - PROJETO DO PRODUTO - BRASÍLIA -  - MT - Bacharel;414971;DESIGN - PROJETO DO PRODUTO;7;11;14;;;;4;2940;1350;360;1590;4;0;;;210;480;2;2015;
302;1325/-3;MATEMÁTICA - BRASÍLIA -  - MT - Licenciado;414638;MATEMÁTICA;6;10;14;;;;0;2820;750;360;1860;0;0;;;240;480;1;2016;
353;1341/1;MATEMÁTICA - BRASÍLIA -  - MT - Bacharel;414639;MATEMÁTICA;6;10;14;;;;0;2520;960;360;1560;0;0;;;195;435;1;2016;
388;5665/-2;ARTES VISUAIS - BRASÍLIA -  - N - Licenciado;414551;ARTES VISUAIS;8;11;14;;;;0;2730;1230;360;1500;0;0;;;180;360;1;2018;
296;5649/1;ARTES VISUAIS - BRASÍLIA -  - MT - Bacharel;414552;ARTES VISUAIS;8;10;12;;;;0;2790;1560;360;1230;0;0;;;240;360;1;2018;
74;6351/-5;ENGENHARIA DE REDES DE COMUNICAÇÃO - BRASÍLIA -  - MT - Engenheiro de Redes de Comunicação;414330;ENGENHARIA DE REDES DE COMUNICAÇÃO;9;14;18;;;;0;3660;2250;360;1410;0;0;;;180;450;1;2005;
333;1589/-3;QUÍMICA TECNOLÓGICA - BRASÍLIA -  - MT - Bacharel;414873;QUÍMICA TECNOLÓGICA;8;13;18;;;;0;3300;1680;360;1620;0;0;;;240;420;1;2015;
63;4511/1;LETRAS - TRADUÇÃO - INGLÊS - BRASÍLIA -  - MT - Bacharel;414822;LETRAS - TRADUÇÃO - INGLÊS;6;10;14;;;;0;2700;1200;360;1500;0;0;;;180;450;2;2008;
387;5657/-2;ARTES VISUAIS - BRASÍLIA -  - MT - Licenciado;414553;ARTES VISUAIS;8;10;12;;;;0;2730;1140;360;1590;0;0;;;240;360;2;2016;
98;8222/-5;BIBLIOTECONOMIA - BRASÍLIA -  - MT - Bacharel;414940;BIBLIOTECONOMIA;8;11;14;;;;0;2700;1200;360;1500;0;0;;;210;420;2;2006;
245;3417/-5;HISTÓRIA                                                               - BRASÍLIA -  - MT - Bacharel;702700;HISTÓRIA                                                              ;6;11;15;;;;0;2640;990;360;1500;0;0;;;180;450;1;2016;
249;3425/-5;HISTÓRIA - BRASÍLIA -  - MT - Licenciado;414745;HISTÓRIA;7;12;16;;;;0;2955;720;360;2025;0;0;;;240;480;1;2016;
239;5398/-3;DESIGN - PROJETO DO PRODUTO - BRASÍLIA -  - MT - Bacharel;414971;DESIGN - PROJETO DO PRODUTO;7;11;14;;;;4;2940;1260;360;1680;4;0;;;210;480;2;2012;
214;8222/-3;BIBLIOTECONOMIA - BRASÍLIA -  - MT - Bacharel;414940;BIBLIOTECONOMIA;8;11;14;;;;0;2700;1200;360;1500;0;0;;;210;420;1;2016;
3;3131/-2;CIÊNCIAS SOCIAIS - ANTROPOLOGIA - BRASÍLIA -  - MT - Bacharel;414407;CIÊNCIAS SOCIAIS - ANTROPOLOGIA;6;10;14;;;;12;2520;870;360;1650;12;0;;;180;450;2;2016;
165;8184/-3;GESTÃO DE POLÍTICAS PÚBLICAS - BRASÍLIA -  - N - Bacharel;414093;GESTÃO DE POLÍTICAS PÚBLICAS;8;12;16;;;;8;3000;1740;360;1260;8;0;;;180;420;1;2012;
67;5126/-3;ARQUITETURA E URBANISMO - BRASÍLIA -  - MT - Arquiteto e Urbanista;414180;ARQUITETURA E URBANISMO;9;14;18;;;;0;4110;780;360;3330;0;0;;;240;510;1;2005;
16;9229/-3;PEDAGOGIA - BRASÍLIA -  - MT - Licenciado;414229;PEDAGOGIA;6;10;14;;;;0;3210;1110;360;2100;0;0;;;180;450;1;2016;
123;7510/-3;NUTRIÇÃO - BRASÍLIA -  - MT - Nutricionista;414314;NUTRIÇÃO;6;9;14;;;;0;3600;1155;360;2445;0;0;;;270;600;1;2008;
464;7510/1;NUTRIÇÃO - BRASÍLIA -  - MT - Nutricionista;414314;NUTRIÇÃO;8;11;16;;;;8;3510;660;360;2850;8;0;;;225;450;1;2019;
53;3859/-2;GEOGRAFIA - BRASÍLIA -  - MT - Licenciado;414731;GEOGRAFIA;6;10;14;;;;0;2520;690;360;1830;0;0;;;195;450;1;2016;
354;1741/1;ENGENHARIA DE COMPUTAÇÃO - BRASÍLIA -  - MT - Bacharel;414610;ENGENHARIA DE COMPUTAÇÃO;8;13;18;;;;18;3780;1590;360;2190;18;0;;;210;480;1;2016;
190;8362/-3;COMUNICAÇÃO SOCIAL - COMUNICAÇÃO ORGANIZACIONAL - BRASÍLIA -  - N - Bacharel;414137;COMUNICAÇÃO SOCIAL - COMUNICAÇÃO ORGANIZACIONAL;8;8;14;;;;0;2790;840;360;1950;0;0;;;210;390;1;2010;
206;8117/-5;ADMINISTRAÇÃO - BRASÍLIA -  - MT - Bacharel;414112;ADMINISTRAÇÃO;8;8;16;;;;4;3000;1320;360;1680;4;0;;;180;420;1;2015;
207;8117/-6;ADMINISTRAÇÃO - BRASÍLIA -  - MT - Bacharel;414112;ADMINISTRAÇÃO;8;8;16;;;;4;3000;1530;360;1470;4;0;;;180;420;1;2014;
285;8338/-4;COMUNICAÇÃO SOCIAL - PUBLICIDADE E PROPAGANDA - BRASÍLIA -  - MT - Bacharel;414156;COMUNICAÇÃO SOCIAL - PUBLICIDADE E PROPAGANDA;8;11;14;;;;0;2790;1020;360;1770;0;0;;;210;390;1;2016;
286;8338/-5;COMUNICAÇÃO SOCIAL - PUBLICIDADE E PROPAGANDA - BRASÍLIA -  - MT - Bacharel;414156;COMUNICAÇÃO SOCIAL - PUBLICIDADE E PROPAGANDA;8;11;14;;;;0;2790;1020;360;1770;0;0;;;210;390;2;2013;
287;8354/1;COMUNICAÇÃO SOCIAL - AUDIOVISUAL - BRASÍLIA -  - MT - Bacharel;414151;COMUNICAÇÃO SOCIAL - AUDIOVISUAL;8;11;14;;;;0;2820;990;360;1830;0;0;;;210;390;2;2019;
288;8354/-2;COMUNICAÇÃO SOCIAL - AUDIOVISUAL - BRASÍLIA -  - MT - Bacharel;414151;COMUNICAÇÃO SOCIAL - AUDIOVISUAL;8;11;14;;;;0;2820;990;360;1830;0;0;;;210;390;2;2016;
221;8583/-3;CIÊNCIAS CONTÁBEIS - BRASÍLIA -  - N - Bacharel;414131;CIÊNCIAS CONTÁBEIS;10;12;14;;;;12;3000;1200;360;1800;12;0;;;210;420;1;2012;
289;8354/-3;COMUNICAÇÃO SOCIAL - AUDIOVISUAL - BRASÍLIA -  - MT - Bacharel;414151;COMUNICAÇÃO SOCIAL - AUDIOVISUAL;8;11;14;;;;0;2820;990;360;1830;0;0;;;210;390;1;2016;
157;2321/-4;CIÊNCIAS AMBIENTAIS - BRASÍLIA -  - N - Bacharel;414667;CIÊNCIAS AMBIENTAIS;7;11;14;;;;4;2160;990;360;1170;4;0;;;210;390;2;2009;
247;3417/-8;HISTÓRIA                                                               - BRASÍLIA -  - MT - Bacharel;702700;HISTÓRIA                                                              ;6;11;15;;;;0;2640;990;360;1500;0;0;;;180;450;1;2013;
4005587;3476/1;HISTÓRIA - BRASÍLIA -  - N - Licenciado;414748;HISTÓRIA;8;8;16;;;;0;3405;930;540;2265;0;0;;;210;420;1;2020;
158;3476/-3;HISTÓRIA - BRASÍLIA -  - N - Licenciado;414748;HISTÓRIA;8;11;14;;;;0;2955;720;360;2025;0;0;;;180;420;1;2016;
342;7137/1;FISIOTERAPIA - BRASÍLIA -  - MT - Bacharel;414908;FISIOTERAPIA;10;10;18;;;;0;4500;1980;360;2250;0;0;;;240;450;2;2017;
459;7153/1;SAÚDE COLETIVA - BRASÍLIA -  - MT - Bacharel;414912;SAÚDE COLETIVA;8;11;14;;;;0;3210;630;360;2580;0;0;;;240;450;1;2019;
126;7072/-4;ENFERMAGEM - BRASÍLIA -  - MT - Enfermeiro;414902;ENFERMAGEM;10;12;14;;;;0;4230;2370;360;1860;0;0;;;240;450;2;2008;
463;6335/1;ENGENHARIA ELÉTRICA - BRASÍLIA -  - MT - Engenheiro Eletricista;414360;ENGENHARIA ELÉTRICA;10;14;18;;;;0;3720;2145;360;1575;0;0;;;210;450;1;2019;
371;6351/1;ENGENHARIA DE REDES DE COMUNICAÇÃO - BRASÍLIA -  - MT - Bacharel;414330;ENGENHARIA DE REDES DE COMUNICAÇÃO;10;15;20;;;;0;3750;1740;360;2010;0;0;;;210;450;2;2018;
367;6424/1;ENGENHARIA MECÂNICA - BRASÍLIA -  - MT - Engenheiro Mecânico;414368;ENGENHARIA MECÂNICA;8;13;18;;;;0;3930;1095;360;2835;0;0;;;240;480;1;2016;
308;1503/1;QUÍMICA - BRASÍLIA -  - N - Licenciado;414871;QUÍMICA;7;10;15;;;;0;3045;930;360;1905;0;0;;;210;480;1;2016;
183;7161/-2;SAÚDE COLETIVA - BRASÍLIA -  - N - Bacharel;414291;SAÚDE COLETIVA;8;10;12;;;;0;3225;1365;360;1860;0;0;;;270;420;1;2010;
99;8311/-2;COMUNICAÇÃO SOCIAL - JORNALISMO - BRASÍLIA -  - MT - Bacharel;414164;COMUNICAÇÃO SOCIAL - JORNALISMO;8;11;14;;;;0;2790;960;360;1830;0;0;;;210;390;1;2016;
102;8486/-4;DIREITO - BRASÍLIA -  - MT - Bacharel;414220;DIREITO;10;13;16;;;;4;3840;390;360;3150;4;0;;;240;450;1;2016;
111;8885/-4;DIREITO - BRASÍLIA -  - N - Bacharel;414221;DIREITO;10;13;16;;;;4;3840;390;360;3150;4;0;;;240;450;1;2011;
260;2259/-4;CIÊNCIAS BIOLÓGICAS - BRASÍLIA -  - N - Licenciado;414392;CIÊNCIAS BIOLÓGICAS;8;11;14;;;;0;3060;1290;360;1770;0;0;;;240;450;1;2014;
100;8311/-3;COMUNICAÇÃO SOCIAL - JORNALISMO - BRASÍLIA -  - MT - Bacharel;414164;COMUNICAÇÃO SOCIAL - JORNALISMO;8;11;14;;;;0;2790;960;360;1830;0;0;;;210;390;1;2011;
188;8362/1;COMUNICAÇÃO SOCIAL - COMUNICAÇÃO ORGANIZACIONAL - BRASÍLIA -  - N - Bacharel;414137;COMUNICAÇÃO SOCIAL - COMUNICAÇÃO ORGANIZACIONAL;8;11;14;;;;0;2790;840;360;1950;0;0;;;210;390;2;2019;
189;8362/-2;COMUNICAÇÃO SOCIAL - COMUNICAÇÃO ORGANIZACIONAL - BRASÍLIA -  - N - Bacharel;414137;COMUNICAÇÃO SOCIAL - COMUNICAÇÃO ORGANIZACIONAL;8;11;14;;;;0;2790;840;360;1950;0;0;;;210;390;2;2016;
362;60810/1;EDUCAÇÃO FÍSICA - BRASÍLIA -  - MT - Bacharel;414276;EDUCAÇÃO FÍSICA;8;10;12;;;;0;3210;930;360;2070;0;0;;;270;450;1;2016;
163;6017/-2;ENGENHARIA DE PRODUÇÃO - BRASÍLIA -  - N - Bacharel;414326;ENGENHARIA DE PRODUÇÃO;10;14;18;;;;4;3600;1335;360;2265;4;0;;;180;420;1;2014;
465;9229/1;PEDAGOGIA - BRASÍLIA -  - MT - Licenciado;414229;PEDAGOGIA;8;11;14;;;;0;3330;840;360;2250;0;0;;;240;420;1;2019;
429;3859/1;GEOGRAFIA - BRASÍLIA -  - MT - Licenciado;414731;GEOGRAFIA;6;10;14;;;;0;2520;690;360;1830;0;0;;;195;450;2;2017;
23;8354/-5;COMUNICAÇÃO SOCIAL - AUDIOVISUAL - BRASÍLIA -  - MT - Bacharel;414151;COMUNICAÇÃO SOCIAL - AUDIOVISUAL;8;11;14;;;;0;2820;990;360;1830;0;0;;;210;390;1;2011;
208;8117/-7;ADMINISTRAÇÃO - BRASÍLIA -  - MT - Bacharel;414112;ADMINISTRAÇÃO;8;8;16;;;;8;3000;1530;360;1470;8;0;;;180;420;1;2011;
29;1112/-4;FÍSICA - BRASÍLIA -  - MT - Bacharel;414663;FÍSICA;6;9;12;;;;0;2670;960;360;1710;0;0;;;240;480;1;2007;
218;3123/-3;CIÊNCIAS SOCIAIS - SOCIOLOGIA - BRASÍLIA -  - MT - Bacharel;414425;CIÊNCIAS SOCIAIS - SOCIOLOGIA;6;10;14;;;;12;2520;930;360;1590;12;0;;;180;450;1;2016;
392;8311/1;COMUNICAÇÃO SOCIAL - BRASÍLIA -  - MT - Bacharel;414162;COMUNICAÇÃO SOCIAL;8;11;14;;;;0;2790;960;360;1830;0;0;;;210;390;2;2016;
234;3115/-5;CIÊNCIAS SOCIAIS - BRASÍLIA -  - MT - Bacharel;414404;CIÊNCIAS SOCIAIS;6;10;14;;;;12;2520;1530;360;990;12;0;;;195;450;1;2016;
39;1503/-3;QUÍMICA - BRASÍLIA -  - N - Licenciado;414871;QUÍMICA;6;9;12;;;;0;2760;1230;360;1530;0;0;;;210;480;1;2005;
34;1325/-5;MATEMÁTICA - BRASÍLIA -  - MT - Licenciado;414638;MATEMÁTICA;6;8;14;;;;0;2520;810;360;1710;0;0;;;210;450;1;2005;
35;1341/-2;MATEMÁTICA - BRASÍLIA -  - MT - Bacharel;414639;MATEMÁTICA;6;10;14;;;;0;2520;930;360;1590;0;0;;;195;435;1;2014;
31;1147/-4;FÍSICA - BRASÍLIA -  - N - Licenciado;414657;FÍSICA;6;10;14;;;;0;2670;900;360;1770;0;0;;;195;450;2;2014;
38;1449/-4;QUÍMICA - BRASÍLIA -  - MT - Bacharel;414870;QUÍMICA;6;9;12;;;;0;2760;1320;360;1440;0;0;;;240;480;1;2009;
9;1228/-3;GEOLOGIA - BRASÍLIA -  - MT - Geólogo;414677;GEOLOGIA;8;10;16;;;;0;3960;1650;360;2310;0;0;;;285;540;2;2009;
40;2216/-7;CIÊNCIAS BIOLÓGICAS - BRASÍLIA -  - MT - Bacharel;414391;CIÊNCIAS BIOLÓGICAS;6;8;12;;;;0;2850;1830;360;1020;0;0;;;240;480;1;2005;
68;6220/-2;ENGENHARIA CIVIL - BRASÍLIA -  - MT - Engenheiro Civil;414350;ENGENHARIA CIVIL;8;13;18;;;;0;3930;1380;360;2550;0;0;;;240;510;2;2009;
49;3417/-9;HISTÓRIA                                                               - BRASÍLIA -  - MT - Bacharel;702700;HISTÓRIA                                                              ;6;10;14;;;;0;2520;1320;360;1200;0;0;;;180;450;1;2012;
30;1147/-3;FÍSICA - BRASÍLIA -  - N - Licenciado;414657;FÍSICA;6;10;14;;;;0;2670;840;360;1830;0;0;;;195;450;1;2016;
37;1368/-3;MATEMÁTICA - BRASÍLIA -  - N - Licenciado;414640;MATEMÁTICA;6;10;14;;;;0;2520;600;360;1920;0;0;;;180;450;1;2005;
36;1341/-3;MATEMÁTICA - BRASÍLIA -  - MT - Bacharel;414639;MATEMÁTICA;6;10;14;;;;0;2520;930;360;1590;0;0;;;195;435;2;2011;
46;3344/-4;FILOSOFIA - BRASÍLIA -  - MT - Licenciado;414714;FILOSOFIA;6;10;14;;;;0;2400;1410;360;990;0;0;;;180;420;1;2012;
41;2259/-6;CIÊNCIAS BIOLÓGICAS - BRASÍLIA -  - N - Licenciado;414392;CIÊNCIAS BIOLÓGICAS;6;9;12;;;;0;2850;1290;360;1560;0;0;;;240;480;1;2012;
32;1147/-5;FÍSICA - BRASÍLIA -  - N - Licenciado;414657;FÍSICA;6;10;14;;;;0;2670;900;360;1770;0;0;;;195;450;1;2006;
12;5657/-5;ARTES VISUAIS - BRASÍLIA -  - MT - Licenciado;414553;ARTES VISUAIS;8;10;12;;;;0;2730;1200;360;1530;0;0;;;240;360;1;2009;
479;5657/-4;ARTES VISUAIS - BRASÍLIA -  - MT - Licenciado;414553;ARTES VISUAIS;8;10;12;;;;0;2730;1200;360;1530;0;0;;;240;360;1;2013;
24;6165/-3;AGRONOMIA - BRASÍLIA -  - MT - Engenheiro Agrônomo;414196;AGRONOMIA;8;11;14;;;;10;3930;1620;360;2310;10;0;;;300;480;2;2010;
25;6165/-4;AGRONOMIA - BRASÍLIA -  - MT - Engenheiro Agrônomo;414196;AGRONOMIA;8;11;14;;;;10;3930;1620;360;2310;10;0;;;300;480;1;2004;
434;6271/1;TURISMO - BRASÍLIA -  - MT - Bacharel;414088;TURISMO;8;12;16;;;;0;2640;810;360;1800;0;0;;;180;360;2;2017;
211;6165/-2;AGRONOMIA - BRASÍLIA -  - MT - Engenheiro Agrônomo;414196;AGRONOMIA;8;11;14;;;;10;3930;1620;360;2310;10;0;;;300;480;2;2011;
403;1147/-2;FÍSICA - BRASÍLIA -  - N - Licenciado;414657;FÍSICA;6;10;14;;;;0;2670;840;360;1830;0;0;;;195;450;1;2017;
332;1589/-2;QUÍMICA TECNOLÓGICA - BRASÍLIA -  - MT - Bacharel;414873;QUÍMICA TECNOLÓGICA;8;13;18;;;;0;3300;1680;360;1620;0;0;;;240;420;1;2016;
449;6165/1;AGRONOMIA - BRASÍLIA -  - MT - Engenheiro Agrônomo;414196;AGRONOMIA;10;13;16;;;;0;3960;660;360;3300;0;0;;;270;480;1;2018;
64;4529/1;LETRAS - TRADUÇÃO - FRANCÊS - BRASÍLIA -  - MT - Bacharel;414813;LETRAS - TRADUÇÃO - FRANCÊS;6;10;14;;;;0;2700;1200;360;1500;0;0;;;180;450;2;2008;
28;1112/-3;FÍSICA - BRASÍLIA -  - MT - Bacharel;414663;FÍSICA;6;9;12;;;;8;2670;990;360;1680;8;0;;;240;480;1;2014;
33;1155/1;FÍSICA COMPUTACIONAL - BRASÍLIA -  - MT - Bacharel;414662;FÍSICA COMPUTACIONAL;6;9;12;;;;8;2670;1080;360;1590;8;0;;;240;480;2;2014;
130;7153/-4;SAÚDE COLETIVA - BRASÍLIA -  - MT - Bacharel;414912;SAÚDE COLETIVA;8;8;14;;;;0;3210;630;360;2580;0;0;;;240;450;2;2008;
47;3344/-5;FILOSOFIA - BRASÍLIA -  - MT - Licenciado;414714;FILOSOFIA;6;10;14;;;;4;2400;1410;360;990;4;0;;;180;420;1;2005;
248;3425/-6;HISTÓRIA - BRASÍLIA -  - MT - Licenciado;414745;HISTÓRIA;7;12;16;;;;0;2955;720;360;2025;0;0;;;240;480;2;2016;
264;3336/-4;FILOSOFIA - BRASÍLIA -  - MT - Bacharel;414713;FILOSOFIA;6;10;14;;;;0;2400;960;360;1440;0;0;;;210;390;2;2013;
8;1228/-2;GEOLOGIA - BRASÍLIA -  - MT - Geólogo;414677;GEOLOGIA;8;12;16;;;;0;3960;1650;360;2310;0;0;;;285;540;1;2016;
256;2216/-4;CIÊNCIAS BIOLÓGICAS - BRASÍLIA -  - MT - Bacharel;414391;CIÊNCIAS BIOLÓGICAS;8;8;14;;;;0;3210;1770;360;1440;0;0;;;240;450;1;2016;
421;3417/-2;HISTÓRIA                                                               - BRASÍLIA -  - MT - Bacharel;702700;HISTÓRIA                                                              ;6;11;15;;;;0;2640;990;360;1500;0;0;;;180;450;2;2019;
215;8222/-4;BIBLIOTECONOMIA - BRASÍLIA -  - MT - Bacharel;414940;BIBLIOTECONOMIA;8;11;14;;;;0;2700;1200;360;1500;0;0;;;210;420;2;2011;
422;3417/-3;HISTÓRIA                                                               - BRASÍLIA -  - MT - Bacharel;702700;HISTÓRIA                                                              ;6;11;15;;;;0;2640;990;360;1500;0;0;;;180;450;1;2018;
425;3425/-3;HISTÓRIA - BRASÍLIA -  - MT - Licenciado;414745;HISTÓRIA;7;12;16;;;;0;2955;720;360;2025;0;0;;;240;480;1;2018;
94;8150/-4;ADMINISTRAÇÃO - BRASÍLIA -  - N - Bacharel;414099;ADMINISTRAÇÃO;8;12;16;;;;4;3000;1530;360;1470;4;0;;;180;450;1;2014;
435;8117/-3;ADMINISTRAÇÃO - BRASÍLIA -  - MT - Bacharel;414112;ADMINISTRAÇÃO;8;8;16;;;;4;3000;1320;360;1680;4;0;;;180;420;2;2017;
393;8338/-3;COMUNICAÇÃO SOCIAL - PUBLICIDADE E PROPAGANDA - BRASÍLIA -  - MT - Bacharel;414156;COMUNICAÇÃO SOCIAL - PUBLICIDADE E PROPAGANDA;8;8;14;;;;0;2790;1020;360;1770;0;0;;;210;390;2;2016;
366;6335/-3;ENGENHARIA ELÉTRICA - BRASÍLIA -  - MT - Engenheiro Eletricista;414360;ENGENHARIA ELÉTRICA;8;10;18;;;;4;3930;2115;360;1815;4;0;;;240;510;1;2016;
361;6017/1;ENGENHARIA DE PRODUÇÃO - BRASÍLIA -  - N - Bacharel;414326;ENGENHARIA DE PRODUÇÃO;10;12;18;;;;4;3600;1395;360;2205;4;0;;;180;420;1;2016;
70;6335/-4;ENGENHARIA ELÉTRICA - BRASÍLIA -  - MT - Engenheiro Eletricista;414360;ENGENHARIA ELÉTRICA;8;10;18;;;;4;3930;2115;360;1815;4;0;;;240;510;1;2015;
290;8354/-4;COMUNICAÇÃO SOCIAL - AUDIOVISUAL - BRASÍLIA -  - MT - Bacharel;414151;COMUNICAÇÃO SOCIAL - AUDIOVISUAL;8;8;14;;;;0;2820;990;360;1830;0;0;;;210;390;2;2013;
347;1856/-3;CIÊNCIA DA COMPUTAÇÃO - BRASÍLIA -  - MT - Bacharel;414599;CIÊNCIA DA COMPUTAÇÃO;8;10;14;;;;0;3210;930;360;2280;0;0;;;240;450;2;2015;
131;6009/1;;414915;ENGENHARIA;1;5;3;;;;0;3750;2520;360;1230;0;0;;;180;480;2;2018;
231;1856/-5;CIÊNCIA DA COMPUTAÇÃO - BRASÍLIA -  - MT - Bacharel;414599;CIÊNCIA DA COMPUTAÇÃO;8;9;14;;;;0;3210;1140;360;2070;0;0;;;225;480;2;2012;
460;1716/1;ESTATÍSTICA - BRASÍLIA -  - MT - Bacharel;414620;ESTATÍSTICA;8;8;16;;;;0;3000;1140;360;1860;0;0;;;210;420;1;2019;
116;1856/-7;CIÊNCIA DA COMPUTAÇÃO - BRASÍLIA -  - MT - Bacharel;414599;CIÊNCIA DA COMPUTAÇÃO;8;9;14;;;;0;3210;1140;360;2070;0;0;;;225;480;1;2011;
443;8583/1;CIÊNCIAS CONTÁBEIS - BRASÍLIA -  - N - Bacharel;414131;CIÊNCIAS CONTÁBEIS;10;11;14;;;;8;3000;1200;360;1800;8;0;;;210;420;2;2019;
418;3221/1;CIÊNCIAS ECONÔMICAS - BRASÍLIA -  - MT - Bacharel;414699;CIÊNCIAS ECONÔMICAS;6;8;14;;;;104;3000;1230;360;1770;104;0;;;210;480;2;2017;
232;1899/-3;COMPUTAÇÃO - BRASÍLIA -  - N - Licenciado;414608;COMPUTAÇÃO;7;9;16;;;;4;2700;1350;360;1350;4;0;;;180;420;2;2012;
117;1899/-4;COMPUTAÇÃO - BRASÍLIA -  - N - Licenciado;414608;COMPUTAÇÃO;7;9;16;;;;4;2700;1320;360;1380;4;0;;;180;420;2;2007;
323;1112/1;FÍSICA - BRASÍLIA -  - MT - Bacharel;414663;FÍSICA;8;10;12;;;;0;2640;660;360;1980;0;0;;;240;480;1;2016;
324;1112/-2;FÍSICA - BRASÍLIA -  - MT - Bacharel;414663;FÍSICA;8;10;12;;;;0;2640;660;360;1980;0;0;;;240;480;2;2014;
309;1503/-2;QUÍMICA - BRASÍLIA -  - N - Licenciado;414871;QUÍMICA;7;10;15;;;;0;3045;810;360;2025;0;0;;;210;480;1;2014;
454;1147/1;FÍSICA - BRASÍLIA -  - N - Licenciado;414657;FÍSICA;8;13;18;;;;6;3300;750;360;2340;6;0;;;210;420;2;2018;
455;1236/1;GEOFÍSICA - BRASÍLIA -  - MT - Bacharel;414669;GEOFÍSICA;9;13;16;;;;4;3450;1035;360;2415;4;0;;;270;420;2;2018;
226;60844/-2;ENGENHARIA QUÍMICA - BRASÍLIA -  - MT - Bacharel;414862;ENGENHARIA QUÍMICA;10;14;18;;;;0;3960;1125;360;2835;0;0;;;240;450;1;2012;
331;1589/1;QUÍMICA TECNOLÓGICA - BRASÍLIA -  - MT - Bacharel;414873;QUÍMICA TECNOLÓGICA;8;13;18;;;;0;3300;1740;360;1560;0;0;;;240;420;2;2018;
307;1449/-3;QUÍMICA - BRASÍLIA -  - MT - Bacharel;414870;QUÍMICA;8;10;12;;;;0;3150;960;360;2190;0;0;;;270;420;1;2014;
348;1899/-2;COMPUTAÇÃO - BRASÍLIA -  - N - Licenciado;414608;COMPUTAÇÃO;6;11;16;;;;9;3210;840;360;2370;9;0;;;180;450;2;2015;
305;1368/-2;MATEMÁTICA - BRASÍLIA -  - N - Licenciado;414640;MATEMÁTICA;7;11;14;;;;0;2820;720;360;1890;0;0;;;240;390;1;2014;
303;1325/-4;MATEMÁTICA - BRASÍLIA -  - MT - Licenciado;414638;MATEMÁTICA;6;10;14;;;;0;2820;720;360;1890;0;0;;;240;480;1;2014;
363;6220/1;ENGENHARIA CIVIL - BRASÍLIA -  - MT - Engenheiro Civil;414350;ENGENHARIA CIVIL;8;13;18;;;;0;3930;1560;360;2370;0;0;;;240;510;1;2016;
326;2321/-2;CIÊNCIAS AMBIENTAIS - BRASÍLIA -  - N - Bacharel;414667;CIÊNCIAS AMBIENTAIS;7;11;14;;;;4;2700;1530;360;1170;4;0;;;210;390;2;2015;
413;2216/1;CIÊNCIAS BIOLÓGICAS - BRASÍLIA -  - MT - Bacharel;414391;CIÊNCIAS BIOLÓGICAS;8;11;14;;;;0;3210;1710;360;1500;0;0;;;240;450;2;2017;
394;850/1;JORNALISMO - BRASÍLIA -  - MT - Bacharel;414165;JORNALISMO;8;11;14;;;;0;3000;1230;360;1770;0;0;;;240;420;2;2019;
423;3417/-4;HISTÓRIA                                                               - BRASÍLIA -  - MT - Bacharel;702700;HISTÓRIA                                                              ;6;11;15;;;;0;2640;990;360;1500;0;0;;;180;450;2;2017;
395;850/-2;JORNALISMO - BRASÍLIA -  - MT - Bacharel;414165;JORNALISMO;8;11;14;;;;0;3000;1230;360;1770;0;0;;;240;420;1;2017;
396;850/-3;JORNALISMO - BRASÍLIA -  - MT - Bacharel;414165;JORNALISMO;8;11;14;;;;0;3000;1230;360;1770;0;0;;;240;420;2;2016;
204;2771/-2;BIOTECNOLOGIA - BRASÍLIA -  - MT - Bacharel;414371;BIOTECNOLOGIA;8;11;14;;;;0;3210;1020;360;2190;0;0;;;240;450;2;2011;
349;2771/1;BIOTECNOLOGIA - BRASÍLIA -  - MT - Bacharel;414371;BIOTECNOLOGIA;8;11;14;;;;0;3210;1050;360;2160;0;0;;;240;450;2;2015;
437;8338/1;COMUNICAÇÃO SOCIAL - PUBLICIDADE E PROPAGANDA - BRASÍLIA -  - MT - Bacharel;414156;COMUNICAÇÃO SOCIAL - PUBLICIDADE E PROPAGANDA;8;11;14;;;;0;2790;1020;360;1770;0;0;;;210;390;2;2019;
438;8338/-2;COMUNICAÇÃO SOCIAL - PUBLICIDADE E PROPAGANDA - BRASÍLIA -  - MT - Bacharel;414156;COMUNICAÇÃO SOCIAL - PUBLICIDADE E PROPAGANDA;8;11;14;;;;0;2790;1020;360;1770;0;0;;;210;390;2;2017;
439;8486/1;DIREITO - BRASÍLIA -  - MT - Bacharel;414220;DIREITO;10;13;16;;;;4;3840;390;360;3150;4;0;;;240;450;2;2019;
442;8516/-2;CIÊNCIAS CONTÁBEIS - BRASÍLIA -  - MT - Bacharel;414130;CIÊNCIAS CONTÁBEIS;8;11;14;;;;8;3000;1140;360;1860;8;0;;;210;420;2;2017;
155;1236/-2;GEOFÍSICA - BRASÍLIA -  - MT - Bacharel;414669;GEOFÍSICA;8;10;12;;;;0;3180;1035;360;2145;0;0;;;270;450;1;2013;
471;8184/1;GESTÃO DE POLÍTICAS PÚBLICAS - BRASÍLIA -  - N - Bacharel;414093;GESTÃO DE POLÍTICAS PÚBLICAS;8;12;16;;;;8;3000;1320;360;1680;8;0;;;180;420;2;2019;
365;6254/-2;ENGENHARIA AMBIENTAL - BRASÍLIA -  - MT - Engenheiro;414345;ENGENHARIA AMBIENTAL;10;14;18;;;;0;3900;1425;360;2475;0;0;;;240;480;1;2016;
45;3166/-6;CIÊNCIAS SOCIAIS                                                       - BRASÍLIA -  - MT - Licenciado;702695;CIÊNCIAS SOCIAIS                                                      ;6;8;14;;;;18;2520;1140;360;1380;18;0;;;195;450;1;2005;
295;3841/1;GEOGRAFIA - BRASÍLIA -  - MT - Bacharel;414730;GEOGRAFIA;6;10;14;;;;0;2520;1140;360;1380;0;0;;;195;450;1;2014;
90;5380/-5;DESENHO INDUSTRIAL - PROGRAMAÇÃO VISUAL - BRASÍLIA -  - MT - Bacharel;414966;DESENHO INDUSTRIAL - PROGRAMAÇÃO VISUAL;7;11;14;;;;4;2940;1260;360;1680;4;0;;;210;480;2;2006;
213;8222/-2;BIBLIOTECONOMIA - BRASÍLIA -  - MT - Bacharel;414940;BIBLIOTECONOMIA;8;11;14;;;;0;2700;1200;360;1500;0;0;;;210;420;2;2016;
89;5380/-4;DESENHO INDUSTRIAL - PROGRAMAÇÃO VISUAL - BRASÍLIA -  - MT - Bacharel;414966;DESENHO INDUSTRIAL - PROGRAMAÇÃO VISUAL;7;11;14;;;;4;2940;1260;360;1680;4;0;;;210;480;1;2012;
432;5398/1;DESIGN - PROJETO DO PRODUTO - BRASÍLIA -  - MT - Bacharel;414971;DESIGN - PROJETO DO PRODUTO;8;11;14;;;;4;2940;1350;360;1590;4;0;;;210;480;2;2017;
483;3336/-6;FILOSOFIA - BRASÍLIA -  - MT - Bacharel;414713;FILOSOFIA;8;10;14;;;;4;2220;1620;360;600;4;0;;;210;390;1;2005;
216;3123/1;CIÊNCIAS SOCIAIS - SOCIOLOGIA - BRASÍLIA -  - MT - Bacharel;414425;CIÊNCIAS SOCIAIS - SOCIOLOGIA;6;10;14;;;;12;2520;930;360;1590;12;0;;;180;450;2;2019;
