curso_pibic_norm,campus,linha_pesquisa_norm,total_projetos,total_remuneradas,total_voluntarias_pivic,total_cotistas,total_cotistas_ppi,total_baixa_renda,valor_total_investido,taxa_cotistas_pct,taxa_voluntario_pct
MEDICINA,DARCY RIBEIRO,SAUDE E VIDA,551,349,167,252,252,114,1761600.0,45.7,30.3
CIENCIAS BIOLOGICAS,DARCY RIBEIRO,SAUDE E VIDA,488,362,89,185,185,79,1773600.0,37.9,18.2
DIREITO,DARCY RIBEIRO,ARTES E HUMANIDADE,448,228,201,188,188,105,1101600.0,42.0,44.9
AGRONOMIA,DARCY RIBEIRO,SAUDE E VIDA,369,288,50,156,156,42,1422000.0,42.3,13.6
FISIOTERAPIA,FCE - CEILANDIA,SAUDE E VIDA,367,230,106,149,149,69,1104000.0,40.6,28.9
ARQUITETURA E URBANISMO,DARCY RIBEIRO,ARTES E HUMANIDADE,357,237,109,137,137,38,1144800.0,38.4,30.5
FARMACIA,FCE - CEILANDIA,SAUDE E VIDA,344,229,94,110,110,42,1124400.0,32.0,27.3
HISTORIA,DARCY RIBEIRO,ARTES E HUMANIDADE,307,194,98,130,130,51,960000.0,42.3,31.9
FARMACIA,DARCY RIBEIRO,SAUDE E VIDA,296,228,50,129,129,51,1126800.0,43.6,16.9
ENFERMAGEM,DARCY RIBEIRO,SAUDE E VIDA,293,220,61,172,172,84,1077600.0,58.7,20.8
ENFERMAGEM,FCE - CEILANDIA,SAUDE E VIDA,292,219,59,130,130,52,1090800.0,44.5,20.2
MEDICINA VETERINARIA,DARCY RIBEIRO,SAUDE E VIDA,281,184,73,112,112,58,926400.0,39.9,26.0
GEOLOGIA,DARCY RIBEIRO,EXATAS E TECNOLOGICAS,249,164,57,84,84,37,862800.0,33.7,22.9
ODONTOLOGIA,DARCY RIBEIRO,SAUDE E VIDA,243,172,47,114,114,43,843600.0,46.9,19.3
BIOTECNOLOGIA,DARCY RIBEIRO,SAUDE E VIDA,243,167,51,68,68,19,805200.0,28.0,21.0
PEDAGOGIA,DARCY RIBEIRO,ARTES E HUMANIDADE,237,174,53,126,126,49,860400.0,53.2,22.4
FISICA,DARCY RIBEIRO,EXATAS E TECNOLOGICAS,237,157,58,72,72,43,796800.0,30.4,24.5
FILOSOFIA,DARCY RIBEIRO,ARTES E HUMANIDADE,218,135,72,92,92,39,666000.0,42.2,33.0
CIENCIAS SOCIAIS,DARCY RIBEIRO,ARTES E HUMANIDADE,209,158,46,98,98,32,765600.0,46.9,22.0
ENGENHARIA CIVIL,DARCY RIBEIRO,EXATAS E TECNOLOGICAS,186,129,45,78,78,32,622800.0,41.9,24.2
ENGENHARIA AEROESPACIAL,FGA - GAMA,EXATAS E TECNOLOGICAS,185,131,42,58,58,7,628800.0,31.4,22.7
SERVICO SOCIAL,DARCY RIBEIRO,ARTES E HUMANIDADE,173,132,38,76,76,24,651600.0,43.9,22.0
FONOAUDIOLOGIA,FCE - CEILANDIA,SAUDE E VIDA,160,97,49,76,76,27,465600.0,47.5,30.6
ENGENHARIA FLORESTAL,DARCY RIBEIRO,SAUDE E VIDA,154,120,23,59,59,11,597600.0,38.3,14.9
ENGENHARIA QUIMICA,DARCY RIBEIRO,EXATAS E TECNOLOGICAS,152,108,29,48,48,16,561600.0,31.6,19.1
ENGENHARIA MECANICA,DARCY RIBEIRO,EXATAS E TECNOLOGICAS,152,119,23,37,37,16,589200.0,24.3,15.1
PSICOLOGIA,DARCY RIBEIRO,ARTES E HUMANIDADE,151,100,39,60,60,25,490800.0,39.7,25.8
QUIMICA,DARCY RIBEIRO,EXATAS E TECNOLOGICAS,146,99,35,34,34,5,507600.0,23.3,24.0
ENGENHARIA ELETRICA,DARCY RIBEIRO,EXATAS E TECNOLOGICAS,140,98,32,34,34,15,499200.0,24.3,22.9
LINGUA PORTUGUESA E RESPECTIVA LITERATURA,DARCY RIBEIRO,ARTES E HUMANIDADE,134,82,52,56,56,16,393600.0,41.8,38.8
GEOGRAFIA,DARCY RIBEIRO,ARTES E HUMANIDADE,122,65,50,69,69,33,322800.0,56.6,41.0
ENGENHARIA ELETRONICA,FGA - GAMA,EXATAS E TECNOLOGICAS,121,89,26,39,39,14,434400.0,32.2,21.5
MATEMATICA,DARCY RIBEIRO,EXATAS E TECNOLOGICAS,119,83,29,44,44,8,405600.0,37.0,24.4
NUTRICAO,DARCY RIBEIRO,SAUDE E VIDA,118,96,14,40,40,19,489600.0,33.9,11.9
ENGENHARIA AMBIENTAL,DARCY RIBEIRO,EXATAS E TECNOLOGICAS,115,92,16,30,30,15,441600.0,26.1,13.9
ARTES VISUAIS,DARCY RIBEIRO,ARTES E HUMANIDADE,113,83,23,38,38,12,402000.0,33.6,20.4
ENGENHARIA DE SOFTWARE,FGA - GAMA,EXATAS E TECNOLOGICAS,112,86,23,36,36,13,412800.0,32.1,20.5
CIENCIAS CONTABEIS,DARCY RIBEIRO,ARTES E HUMANIDADE,106,56,42,44,44,22,268800.0,41.5,39.6
ADMINISTRACAO,DARCY RIBEIRO,ARTES E HUMANIDADE,103,79,23,45,45,16,400800.0,43.7,22.3
BIBLIOTECONOMIA,DARCY RIBEIRO,ARTES E HUMANIDADE,101,62,32,45,45,20,301200.0,44.6,31.7
TERAPIA OCUPACIONAL,FCE - CEILANDIA,SAUDE E VIDA,97,72,18,47,47,16,352800.0,48.5,18.6
RELACOES INTERNACIONAIS,DARCY RIBEIRO,ARTES E HUMANIDADE,95,62,30,37,37,21,297600.0,38.9,31.6
CIENCIA POLITICA,DARCY RIBEIRO,ARTES E HUMANIDADE,93,63,24,48,48,17,306000.0,51.6,25.8
QUIMICA TECNOLOGICA,DARCY RIBEIRO,EXATAS E TECNOLOGICAS,89,62,17,16,16,8,297600.0,18.0,19.1
CIENCIA DA COMPUTACAO,DARCY RIBEIRO,EXATAS E TECNOLOGICAS,86,55,25,34,34,13,278400.0,39.5,29.1
GEOFISICA,DARCY RIBEIRO,EXATAS E TECNOLOGICAS,83,46,31,22,22,7,235200.0,26.5,37.3
"TEORIA, CRITICA E HISTORIA DA ARTE",DARCY RIBEIRO,ARTES E HUMANIDADE,81,51,27,30,30,10,248400.0,37.0,33.3
ENGENHARIA DE COMPUTACAO,DARCY RIBEIRO,EXATAS E TECNOLOGICAS,81,59,21,20,20,9,294000.0,24.7,25.9
MUSEOLOGIA,DARCY RIBEIRO,ARTES E HUMANIDADE,76,49,23,25,25,4,235200.0,32.9,30.3
SAUDE COLETIVA,DARCY RIBEIRO,SAUDE E VIDA,76,45,25,27,27,6,219600.0,35.5,32.9
EDUCACAO FISICA,DARCY RIBEIRO,SAUDE E VIDA,75,64,11,40,40,13,328800.0,53.3,14.7
LETRAS - LINGUA PORTUGUESA E RESPECTIVA LITERATURA,DARCY RIBEIRO,ARTES E HUMANIDADE,74,43,16,17,17,7,231600.0,23.0,21.6
LINGUAS ESTRANGEIRAS APLICADAS - MSI,DARCY RIBEIRO,ARTES E HUMANIDADE,73,47,19,25,25,9,229200.0,34.2,26.0
SAUDE COLETIVA,FCE - CEILANDIA,SAUDE E VIDA,65,42,19,28,28,7,201600.0,43.1,29.2
COMUNICACAO ORGANIZACIONAL,DARCY RIBEIRO,ARTES E HUMANIDADE,64,44,20,22,22,9,211200.0,34.4,31.2
PSICOLOGIA-PSICOLOGO,DARCY RIBEIRO,ARTES E HUMANIDADE,64,57,7,29,29,12,273600.0,45.3,10.9
LINGUA INGLESA E RESPECTIVA LITERATURA,DARCY RIBEIRO,ARTES E HUMANIDADE,59,27,32,26,26,9,129600.0,44.1,54.2
LICENCIATURA EM CIENCIAS BIOLOGICAS,DARCY RIBEIRO,SAUDE E VIDA,56,33,23,24,24,9,158400.0,42.9,41.1
JORNALISMO,DARCY RIBEIRO,ARTES E HUMANIDADE,56,39,16,32,32,10,187200.0,57.1,28.6
ENGENHARIA DE CONTROLE E AUTOMACAO,DARCY RIBEIRO,EXATAS E TECNOLOGICAS,55,45,10,20,20,11,216000.0,36.4,18.2
ARQUITETURA E URBANISMO,DARCY RIBEIRO,EXATAS E TECNOLOGICAS,52,44,7,20,20,9,214800.0,38.5,13.5
ARTES CENICAS,DARCY RIBEIRO,ARTES E HUMANIDADE,50,43,2,17,17,7,213600.0,34.0,4.0
ENGENHARIA DE ENERGIA,FGA - GAMA,EXATAS E TECNOLOGICAS,49,28,11,11,11,0,138000.0,22.4,22.4
CIENCIAS ECONOMICAS,DARCY RIBEIRO,ARTES E HUMANIDADE,45,30,13,15,15,7,151200.0,33.3,28.9
ESTATISTICA,DARCY RIBEIRO,EXATAS E TECNOLOGICAS,44,32,9,5,5,1,160800.0,11.4,20.5
CIENCIAS NATURAIS,FUP - PLANALTINA,ARTES E HUMANIDADE,43,26,14,16,16,5,124800.0,37.2,32.6
BACHARELADO EM RELACOES INTERNACIONAIS,DARCY RIBEIRO,ARTES E HUMANIDADE,43,28,15,26,26,15,134400.0,60.5,34.9
BACHARELADO EM FISICA,DARCY RIBEIRO,EXATAS E TECNOLOGICAS,40,24,16,7,7,2,115200.0,17.5,40.0
CIENCIAS NATURAIS,FUP - PLANALTINA,EXATAS E TECNOLOGICAS,40,35,4,14,14,6,168000.0,35.0,10.0
GESTAO DE POLITICAS PUBLICAS,DARCY RIBEIRO,ARTES E HUMANIDADE,40,30,8,18,18,7,147600.0,45.0,20.0
ENGENHARIA DE PRODUCAO,DARCY RIBEIRO,EXATAS E TECNOLOGICAS,40,32,8,15,15,7,153600.0,37.5,20.0
ENGENHARIA DE REDES DE COMUNICACAO,DARCY RIBEIRO,EXATAS E TECNOLOGICAS,40,23,15,10,10,2,110400.0,25.0,37.5
INGLES,DARCY RIBEIRO,ARTES E HUMANIDADE,36,27,9,21,21,6,129600.0,58.3,25.0
AGRONOMIA,DARCY RIBEIRO,EXATAS E TECNOLOGICAS,35,24,8,13,13,6,122400.0,37.1,22.9
MUSICA,DARCY RIBEIRO,ARTES E HUMANIDADE,35,26,5,9,9,0,124800.0,25.7,14.3
ARQUIVOLOGIA,DARCY RIBEIRO,ARTES E HUMANIDADE,34,23,9,21,21,8,110400.0,61.8,26.5
LINGUA FRANCESA E RESPECTIVA LITERATURA,DARCY RIBEIRO,ARTES E HUMANIDADE,33,21,12,17,17,3,100800.0,51.5,36.4
SOCIOLOGIA,DARCY RIBEIRO,ARTES E HUMANIDADE,33,22,11,14,14,3,105600.0,42.4,33.3
LINGUA ESPANHOLA E LITERATURA ESPANHOLA E HISPANO-AMERICANA,DARCY RIBEIRO,ARTES E HUMANIDADE,32,20,12,12,12,7,96000.0,37.5,37.5
ENGENHARIA MECATRONICA - CONTROLE E AUTOMACAO,DARCY RIBEIRO,EXATAS E TECNOLOGICAS,32,20,7,8,8,2,96000.0,25.0,21.9
CIENCIAS AMBIENTAIS,DARCY RIBEIRO,ARTES E HUMANIDADE,31,25,5,9,9,2,120000.0,29.0,16.1
COMUNICACAO SOCIAL - COMUNICACAO ORGANIZACIONAL,DARCY RIBEIRO,ARTES E HUMANIDADE,31,21,10,13,13,4,100800.0,41.9,32.3
PUBLICIDADE E PROPAGANDA,DARCY RIBEIRO,ARTES E HUMANIDADE,30,20,10,15,15,6,96000.0,50.0,33.3
CIENCIAS AMBIENTAIS,DARCY RIBEIRO,SAUDE E VIDA,29,22,6,8,8,2,109200.0,27.6,20.7
ENGENHARIA AUTOMOTIVA,FGA - GAMA,EXATAS E TECNOLOGICAS,29,19,6,5,5,1,91200.0,17.2,20.7
TURISMO,DARCY RIBEIRO,ARTES E HUMANIDADE,28,18,10,13,13,2,86400.0,46.4,35.7
ENGENHARIA,FGA - GAMA,EXATAS E TECNOLOGICAS,28,24,3,10,10,5,115200.0,35.7,10.7
ANTROPOLOGIA,DARCY RIBEIRO,ARTES E HUMANIDADE,28,20,8,14,14,9,96000.0,50.0,28.6
AUDIOVISUAL,DARCY RIBEIRO,ARTES E HUMANIDADE,28,21,7,17,17,7,100800.0,60.7,25.0
CIENCIAS AMBIENTAIS,DARCY RIBEIRO,EXATAS E TECNOLOGICAS,27,20,6,4,4,0,96000.0,14.8,22.2
ENGENHARIA FLORESTAL,DARCY RIBEIRO,EXATAS E TECNOLOGICAS,27,15,9,8,8,2,72000.0,29.6,33.3
PSICOLOGIA,DARCY RIBEIRO,SAUDE E VIDA,25,22,2,7,7,6,105600.0,28.0,8.0
FARMACIA,DARCY RIBEIRO,EXATAS E TECNOLOGICAS,25,16,8,10,10,3,80400.0,40.0,32.0
LETRAS - TRADUCAO - INGLES,DARCY RIBEIRO,ARTES E HUMANIDADE,24,11,10,11,11,2,56400.0,45.8,41.7
LETRAS - LINGUA INGLESA E RESPECTIVA LITERATURA,DARCY RIBEIRO,ARTES E HUMANIDADE,24,13,9,9,9,2,73200.0,37.5,37.5
FARMACIA,FCE - CEILANDIA,EXATAS E TECNOLOGICAS,24,17,4,7,7,3,81600.0,29.2,16.7
CONTROLE E AUTOMACAO,DARCY RIBEIRO,EXATAS E TECNOLOGICAS,24,21,3,8,8,4,100800.0,33.3,12.5
COMUNICACAO SOCIAL - AUDIOVISUAL,DARCY RIBEIRO,ARTES E HUMANIDADE,23,16,4,9,9,2,76800.0,39.1,17.4
GESTAO AMBIENTAL,FUP - PLANALTINA,SAUDE E VIDA,23,17,4,13,13,8,81600.0,56.5,17.4
PROGRAMACAO VISUAL,DARCY RIBEIRO,ARTES E HUMANIDADE,22,19,3,5,5,1,91200.0,22.7,13.6
BACHARELADO EM CIENCIAS CONTABEIS,DARCY RIBEIRO,ARTES E HUMANIDADE,22,16,6,9,9,5,76800.0,40.9,27.3
GESTAO DE AGRONEGOCIOS,DARCY RIBEIRO,ARTES E HUMANIDADE,22,16,6,3,3,1,84000.0,13.6,27.3
BACHARELADO EM GEOGRAFIA,DARCY RIBEIRO,ARTES E HUMANIDADE,19,16,3,8,8,3,76800.0,42.1,15.8
LETRAS - TRADUCAO - ESPANHOL,DARCY RIBEIRO,ARTES E HUMANIDADE,19,3,9,5,5,1,18000.0,26.3,47.4
LICENCIATURA EM FISICA,DARCY RIBEIRO,EXATAS E TECNOLOGICAS,19,11,8,3,3,2,52800.0,15.8,42.1
COMPUTACAO,DARCY RIBEIRO,EXATAS E TECNOLOGICAS,19,11,8,7,7,6,56400.0,36.8,42.1
INTERPRETACAO TEATRAL,DARCY RIBEIRO,ARTES E HUMANIDADE,19,18,1,5,5,4,86400.0,26.3,5.3
GESTAO AMBIENTAL,FUP - PLANALTINA,EXATAS E TECNOLOGICAS,18,13,5,8,8,4,62400.0,44.4,27.8
EDUCACAO FISICA,DARCY RIBEIRO,ARTES E HUMANIDADE,18,10,6,8,8,0,51600.0,44.4,33.3
GESTAO DO AGRONEGOCIO,FUP - PLANALTINA,ARTES E HUMANIDADE,18,13,5,6,6,3,62400.0,33.3,27.8
PORTUGUES DO BRASIL COMO SEGUNDA LINGUA,DARCY RIBEIRO,ARTES E HUMANIDADE,18,13,5,11,11,4,62400.0,61.1,27.8
CIENCIAS NATURAIS,FUP - PLANALTINA,SAUDE E VIDA,17,14,3,9,9,4,67200.0,52.9,17.6
COMUNICACAO SOCIAL - PUBLICIDADE E PROPAGANDA,DARCY RIBEIRO,ARTES E HUMANIDADE,17,7,9,10,10,3,33600.0,58.8,52.9
"LINGUAGENS, ARTES E LITERATURA",FUP - PLANALTINA,ARTES E HUMANIDADE,16,13,3,9,9,3,62400.0,56.2,18.8
LINGUA DE SINAIS BRASILEIRA - PORTUGUES COMO SEGUNDA LINGUA,DARCY RIBEIRO,ARTES E HUMANIDADE,16,8,8,6,6,2,38400.0,37.5,50.0
LICENCIATURA EM EDUCACAO FISICA,DARCY RIBEIRO,SAUDE E VIDA,16,11,5,9,9,2,52800.0,56.2,31.2
LETRAS-TRADUCAO ESPANHOL,DARCY RIBEIRO,ARTES E HUMANIDADE,16,3,13,7,7,1,14400.0,43.8,81.2
BACHARELADO EM ARQUIVOLOGIA,DARCY RIBEIRO,ARTES E HUMANIDADE,16,8,8,7,7,3,38400.0,43.8,50.0
LICENCIATURA EM GEOGRAFIA,DARCY RIBEIRO,ARTES E HUMANIDADE,15,11,4,7,7,2,52800.0,46.7,26.7
FRANCES,DARCY RIBEIRO,ARTES E HUMANIDADE,14,10,4,5,5,2,48000.0,35.7,28.6
ESPANHOL,DARCY RIBEIRO,ARTES E HUMANIDADE,14,1,13,8,8,3,4800.0,57.1,92.9
ADMINISTRACAO,DARCY RIBEIRO,EXATAS E TECNOLOGICAS,13,9,3,5,5,0,46800.0,38.5,23.1
CIENCIAS SOCIAIS - ANTROPOLOGIA,DARCY RIBEIRO,ARTES E HUMANIDADE,12,8,1,3,3,1,38400.0,25.0,8.3
TERAPIA OCUPACIONAL,FCE - CEILANDIA,ARTES E HUMANIDADE,12,8,3,6,6,0,45600.0,50.0,25.0
QUIMICA,DARCY RIBEIRO,SAUDE E VIDA,12,9,3,5,5,1,43200.0,41.7,25.0
CIENCIAS SOCIAIS - SOCIOLOGIA,DARCY RIBEIRO,ARTES E HUMANIDADE,12,9,2,5,5,0,50400.0,41.7,16.7
LINGUA E LITERATURA JAPONESA,DARCY RIBEIRO,ARTES E HUMANIDADE,12,5,7,7,7,3,24000.0,58.3,58.3
LETRAS - LINGUA FRANCESA E RESPECTIVA LITERATURA,DARCY RIBEIRO,ARTES E HUMANIDADE,12,4,6,3,3,0,22800.0,25.0,50.0
"EDUCACAO DO CAMPO - LINGUAGENS, ARTES E LITERATURA",FUP - PLANALTINA,ARTES E HUMANIDADE,11,6,5,3,3,1,28800.0,27.3,45.5
BIOTECNOLOGIA,DARCY RIBEIRO,EXATAS E TECNOLOGICAS,11,7,2,1,1,1,33600.0,9.1,18.2
LETRAS - LINGUA E LITERATURA JAPONESA,DARCY RIBEIRO,ARTES E HUMANIDADE,11,6,1,5,5,0,32400.0,45.5,9.1
EDUCACAO DO CAMPO - CIENCIAS DA NATUREZA,FUP - PLANALTINA,ARTES E HUMANIDADE,10,7,1,3,3,0,33600.0,30.0,10.0
CIENCIAS BIOLOGICAS,DARCY RIBEIRO,ARTES E HUMANIDADE,10,7,1,4,4,2,33600.0,40.0,10.0
LINGUA DE SINAIS BRASILEIRA/PORTUGUES COMO SEGUNDA LINGUA,DARCY RIBEIRO,ARTES E HUMANIDADE,10,3,7,3,3,0,14400.0,30.0,70.0
DESIGN - PROGRAMACAO VISUAL,DARCY RIBEIRO,ARTES E HUMANIDADE,10,6,1,6,6,1,39600.0,60.0,10.0
ARTES CENICAS - INTERPRETACAO TEATRAL,DARCY RIBEIRO,ARTES E HUMANIDADE,10,8,1,2,2,0,42000.0,20.0,10.0
LETRAS - TRADUCAO - FRANCES,DARCY RIBEIRO,ARTES E HUMANIDADE,10,7,3,3,3,2,33600.0,30.0,30.0
GEOGRAFIA,DARCY RIBEIRO,EXATAS E TECNOLOGICAS,10,7,2,5,5,4,33600.0,50.0,20.0
BACHARELADO EM ESTATISTICA,DARCY RIBEIRO,EXATAS E TECNOLOGICAS,8,3,5,2,2,1,14400.0,25.0,62.5
ENGENHARIA DE PRODUCAO,DARCY RIBEIRO,ARTES E HUMANIDADE,7,6,1,3,3,3,32400.0,42.9,14.3
SAUDE COLETIVA,FCE - CEILANDIA,ARTES E HUMANIDADE,7,7,0,3,3,0,37200.0,42.9,0.0
CIENCIAS SOCIAIS,DARCY RIBEIRO,SAUDE E VIDA,7,5,2,3,3,1,24000.0,42.9,28.6
CIENCIAS BIOLOGICAS,DARCY RIBEIRO,EXATAS E TECNOLOGICAS,7,3,4,4,4,0,14400.0,57.1,57.1
LETRAS - LINGUA ESPANHOLA E LITERATURA ESPANHOLA E HISPANO-AMERICANA,DARCY RIBEIRO,ARTES E HUMANIDADE,7,4,3,1,1,0,19200.0,14.3,42.9
LINGUA PORTUGUESA E RESPECTIVA LITERATURA,DARCY RIBEIRO,EXATAS E TECNOLOGICAS,7,4,3,1,1,0,19200.0,14.3,42.9
ARQUIVOLOGIA,DARCY RIBEIRO,EXATAS E TECNOLOGICAS,7,5,2,3,3,2,24000.0,42.9,28.6
QUIMICA,DARCY RIBEIRO,ARTES E HUMANIDADE,7,6,1,2,2,2,28800.0,28.6,14.3
ENGENHARIA FLORESTAL,DARCY RIBEIRO,ARTES E HUMANIDADE,6,3,2,2,2,1,14400.0,33.3,33.3
ESTATISTICA,DARCY RIBEIRO,ARTES E HUMANIDADE,6,1,4,3,3,1,4800.0,50.0,66.7
ENGENHARIA DE SOFTWARE,FGA - GAMA,SAUDE E VIDA,6,3,0,3,3,3,14400.0,50.0,0.0
GESTAO DO AGRONEGOCIO,FUP - PLANALTINA,EXATAS E TECNOLOGICAS,6,4,1,2,2,2,19200.0,33.3,16.7
CIENCIA DA COMPUTACAO,DARCY RIBEIRO,ARTES E HUMANIDADE,6,5,1,2,2,1,34800.0,33.3,16.7
PSICOLOGIA,DARCY RIBEIRO,EXATAS E TECNOLOGICAS,6,5,1,3,3,3,24000.0,50.0,16.7
ENGENHARIA AMBIENTAL,DARCY RIBEIRO,ARTES E HUMANIDADE,6,4,0,3,3,0,19200.0,50.0,0.0
ENFERMAGEM,FCE - CEILANDIA,ARTES E HUMANIDADE,6,5,0,2,2,2,24000.0,33.3,0.0
MEDICINA,DARCY RIBEIRO,ARTES E HUMANIDADE,6,5,0,1,1,0,24000.0,16.7,0.0
LICENCIATURA EM CIENCIAS BIOLOGICAS,DARCY RIBEIRO,ARTES E HUMANIDADE,6,5,1,3,3,0,24000.0,50.0,16.7
LINGUA DE SINAIS BRASILEIRA -PORTUGUES COMO SEGUNDA LINGUA,DARCY RIBEIRO,ARTES E HUMANIDADE,6,3,3,2,2,1,14400.0,33.3,50.0
GESTAO DE AGRONEGOCIOS,DARCY RIBEIRO,SAUDE E VIDA,5,5,0,1,1,0,27600.0,20.0,0.0
PROJETO DO PRODUTO,DARCY RIBEIRO,ARTES E HUMANIDADE,5,4,1,3,3,0,19200.0,60.0,20.0
QUIMICA TECNOLOGICA,DARCY RIBEIRO,SAUDE E VIDA,5,4,1,0,0,0,19200.0,0.0,20.0
BACHARELADO EM ESTATISTICA,DARCY RIBEIRO,ARTES E HUMANIDADE,5,2,3,2,2,0,9600.0,40.0,60.0
CIENCIAS ECONOMICAS,DARCY RIBEIRO,EXATAS E TECNOLOGICAS,5,2,2,0,0,0,9600.0,0.0,40.0
ESTATISTICA,DARCY RIBEIRO,SAUDE E VIDA,5,2,3,2,2,0,9600.0,40.0,60.0
FISICA,DARCY RIBEIRO,ARTES E HUMANIDADE,5,3,2,0,0,0,18000.0,0.0,40.0
FARMACIA,DARCY RIBEIRO,ARTES E HUMANIDADE,5,5,0,5,5,1,24000.0,100.0,0.0
